,0,1,2,3,4,5,6,7,8,9,10,11,12,13,14,15,16,17,18,19,20,21,22,23,date
0,1.4040759,1.3287966,1.2825752,1.2507529,1.2353325,1.2286937,1.2351575,1.2473371,1.2776138,1.3304248,1.3909075,1.4209135,1.4411727,1.4442705,1.4357722,1.4312984,1.4369913,1.4664397,1.5364997,1.5726767,1.585317,1.5748432,1.5446755,1.4896148,2011-01-01 05:00:00+00:00
1,1.413629,1.3392456,1.292367,1.2638032,1.2512451,1.2569394,1.2913897,1.3531667,1.4085269,1.4609601,1.5130553,1.5448856,1.5584778,1.5625614,1.5582848,1.5552715,1.557149,1.5830028,1.6482217,1.6769445,1.6828128,1.6699352,1.6317595,1.5606978,2011-01-02 05:00:00+00:00
2,1.4989597,1.430912,1.3940136,1.3758891,1.3786805,1.4065337,1.4858606,1.6304113,1.7266344,1.7572106,1.776807,1.790034,1.7897317,1.7788779,1.7733364,1.7616752,1.7569925,1.77182,1.829937,1.856518,1.851675,1.8274484,1.769029,1.6615133,2011-01-03 05:00:00+00:00
3,1.5969425,1.5168276,1.4794773,1.4588286,1.4589106,1.4795419,1.5522676,1.6858622,1.7779176,1.8075815,1.8249865,1.8323705,1.8305931,1.8145325,1.8071493,1.7906022,1.7847078,1.800477,1.8603942,1.8881464,1.8782121,1.8459983,1.7898697,1.6932837,2011-01-04 05:00:00+00:00
4,1.6133001,1.5287868,1.4891477,1.4671049,1.4664452,1.4871829,1.5605628,1.6966478,1.7909979,1.8241395,1.8446794,1.857374,1.8572811,1.8445071,1.8393309,1.8246963,1.8188336,1.8379663,1.9018247,1.9272838,1.9136364,1.880945,1.825423,1.728103,2011-01-05 05:00:00+00:00
5,1.6485722,1.5649556,1.5257343,1.5038778,1.5034628,1.5230258,1.5963471,1.7292383,1.8224812,1.8538612,1.8737369,1.8827119,1.8806157,1.8657864,1.8592021,1.8431295,1.8382075,1.857497,1.924181,1.9519262,1.9363002,1.9001994,1.8434895,1.745652,2011-01-06 05:00:00+00:00
6,1.6437293,1.5591908,1.520438,1.4982516,1.4983082,1.5172713,1.5888231,1.7202659,1.8132364,1.8447365,1.8656642,1.8739717,1.8732339,1.8583013,1.851945,1.8359671,1.8318675,1.8520278,1.918971,1.9466641,1.9303651,1.8936663,1.8371581,1.740065,2011-01-07 05:00:00+00:00
7,1.6151451,1.5319487,1.488686,1.4631358,1.4580405,1.4611082,1.4981,1.5668375,1.6238356,1.6627446,1.7008549,1.7127631,1.7147712,1.7033733,1.6900791,1.6778744,1.6776237,1.7066641,1.7893672,1.8312495,1.8266368,1.7972591,1.7522516,1.680512,2011-01-08 05:00:00+00:00
8,1.6309963,1.5493671,1.5048492,1.4785743,1.4727798,1.4766071,1.5152321,1.5845609,1.6421425,1.6809803,1.7197095,1.7350211,1.7375314,1.7290409,1.7173121,1.7066314,1.7076693,1.7392699,1.8291171,1.8726768,1.8644133,1.8319733,1.7845718,1.7086132,2011-01-09 05:00:00+00:00
9,1.6432781,1.5656056,1.5261929,1.5047175,1.5045927,1.5259243,1.6002018,1.731511,1.8237351,1.8558849,1.8772247,1.8875828,1.8853083,1.8721523,1.8667916,1.8522236,1.8491805,1.869835,1.9417173,1.9734125,1.9552902,1.918241,1.8612757,1.7591618,2011-01-10 05:00:00+00:00
10,1.6726397,1.590063,1.5510057,1.5295284,1.5289545,1.5489762,1.62501,1.7601395,1.8542064,1.8845716,1.9024162,1.909241,1.9046836,1.8881302,1.8800656,1.862113,1.8562666,1.8740548,1.9403076,1.968333,1.9511425,1.9130733,1.854392,1.7543836,2011-01-11 05:00:00+00:00
11,1.6540272,1.5697252,1.5305117,1.5082138,1.5076094,1.52526,1.5946088,1.721075,1.8106339,1.8420746,1.8632886,1.8702693,1.8679149,1.8517113,1.8434373,1.8264829,1.82175,1.8413639,1.9089234,1.9379623,1.9229048,1.8866248,1.8306792,1.7358708,2011-01-12 05:00:00+00:00
12,1.6813678,1.5966468,1.5562181,1.5337374,1.5328734,1.5524389,1.6275051,1.7613423,1.85564,1.8880599,1.908639,1.9183908,1.9152689,1.9007126,1.8943217,1.8779387,1.8729194,1.8931699,1.9626507,1.9901688,1.9709847,1.9328892,1.8756381,1.775947,2011-01-13 05:00:00+00:00
13,1.6759579,1.593011,1.5529401,1.5310801,1.5290685,1.5480657,1.6227207,1.75427,1.8456827,1.8766493,1.894521,1.9018316,1.8958005,1.8785567,1.8691161,1.8505355,1.8433732,1.8599924,1.9253007,1.9529357,1.9373548,1.9008396,1.8433641,1.7455195,2011-01-14 05:00:00+00:00
14,1.6065154,1.5230995,1.4800384,1.4538472,1.4482676,1.4499841,1.4834967,1.5470068,1.6022273,1.6405275,1.6799676,1.6903136,1.6941133,1.6816571,1.6676357,1.6552701,1.6559331,1.6843559,1.7654247,1.806772,1.8019694,1.7713203,1.7267015,1.6559863,2011-01-15 05:00:00+00:00
15,1.5710927,1.489775,1.4436116,1.4164674,1.4074256,1.4068524,1.4347451,1.4859821,1.5332415,1.576924,1.621644,1.6421793,1.6492244,1.6443577,1.6320276,1.6222034,1.6210546,1.6510595,1.7338392,1.7766004,1.7777395,1.755307,1.7155608,1.650397,2011-01-16 05:00:00+00:00
16,1.5869986,1.5122018,1.4732647,1.4516141,1.4475837,1.4622133,1.520273,1.6222612,1.6952344,1.7264599,1.7496903,1.7543635,1.7522968,1.735078,1.7234747,1.7086484,1.7057233,1.7229925,1.7889372,1.8233685,1.8174696,1.7858043,1.7345836,1.6450925,2011-01-17 05:00:00+00:00
17,1.6339122,1.5523056,1.513902,1.4924915,1.4905362,1.5095043,1.5826714,1.7135144,1.8049624,1.8345686,1.8512009,1.8565278,1.8524987,1.833766,1.8238894,1.8052455,1.7983661,1.8123473,1.8720659,1.898335,1.8858514,1.8499417,1.792533,1.6949619,2011-01-18 05:00:00+00:00
18,1.5660168,1.4804469,1.4419194,1.419796,1.4190159,1.4387543,1.5080619,1.6400026,1.7338955,1.7683377,1.791079,1.8037174,1.8079991,1.7954884,1.7908205,1.7772801,1.7728659,1.7925074,1.8532528,1.8774323,1.866902,1.8357358,1.7820424,1.6868293,2011-01-19 05:00:00+00:00
19,1.6183301,1.529893,1.4915547,1.4685868,1.4694102,1.4885286,1.5579276,1.6911771,1.7888029,1.8232315,1.8494987,1.8614707,1.867413,1.8562998,1.8537306,1.8417944,1.8413734,1.8669037,1.939271,1.965452,1.9462954,1.9066162,1.8494303,1.7492474,2011-01-20 05:00:00+00:00
20,1.683336,1.5974301,1.5560901,1.5328785,1.5329909,1.5530804,1.6273973,1.7624114,1.8578423,1.8932437,1.9185055,1.9328713,1.9329593,1.9234884,1.9208493,1.9080093,1.9059237,1.9318701,2.0089746,2.0380802,2.0150366,1.9756029,1.9180502,1.8162768,2011-01-21 05:00:00+00:00
21,1.6869409,1.6003908,1.5560843,1.529818,1.5255032,1.5313538,1.576664,1.6585833,1.7241952,1.7617291,1.797761,1.8093512,1.8093729,1.7977687,1.7861726,1.7730438,1.7732738,1.8043855,1.8933672,1.9334488,1.9189317,1.8816447,1.8315275,1.7512659,2011-01-22 05:00:00+00:00
22,1.6554246,1.5745227,1.5299582,1.5038196,1.4974992,1.5011832,1.5395293,1.6071733,1.6626698,1.7017388,1.7403433,1.7527823,1.7528437,1.7423022,1.7287176,1.7156562,1.7156035,1.7447214,1.8322307,1.8769968,1.8689399,1.8365793,1.789588,1.7141888,2011-01-23 05:00:00+00:00
23,1.6472427,1.5694578,1.5310197,1.5102673,1.5081537,1.5280341,1.6022449,1.7313168,1.8210436,1.8502694,1.8664993,1.8712742,1.8649379,1.8465673,1.8369535,1.8187914,1.813179,1.8286052,1.8943926,1.92402,1.9091127,1.8712945,1.8128984,1.7121282,2011-01-24 05:00:00+00:00
24,1.6653054,1.5821952,1.5434119,1.5220048,1.5194755,1.5369959,1.6089473,1.7368199,1.8258526,1.8549808,1.8710077,1.8727925,1.8664819,1.8452027,1.8331031,1.8125565,1.8050512,1.818607,1.8790944,1.9059689,1.8919427,1.8543057,1.7964004,1.7002867,2011-01-25 05:00:00+00:00
25,1.5897862,1.5050716,1.4659294,1.4436321,1.4420857,1.4596328,1.5262818,1.651667,1.7404324,1.7733095,1.7949617,1.8057208,1.8066382,1.7921197,1.7848495,1.769903,1.7640275,1.7822732,1.843703,1.8700056,1.860909,1.8302281,1.7770816,1.6855657,2011-01-26 05:00:00+00:00
26,1.6029714,1.5203662,1.4814224,1.4598981,1.4592123,1.4794356,1.551471,1.6843444,1.7765939,1.8082417,1.8276376,1.8385031,1.83762,1.8236566,1.817304,1.8020875,1.7960904,1.8139712,1.876635,1.9035451,1.8922333,1.8600383,1.8045994,1.7082835,2011-01-27 05:00:00+00:00
27,1.6006185,1.520694,1.4826356,1.4620138,1.4613125,1.4812993,1.5530257,1.6840894,1.7735546,1.8036332,1.8209465,1.8288629,1.825419,1.8091611,1.8007638,1.7838421,1.7768573,1.7919762,1.8518246,1.8803611,1.8724799,1.8423417,1.7873212,1.6929636,2011-01-28 05:00:00+00:00
28,1.5489988,1.4694511,1.4281036,1.4033318,1.3976138,1.3998973,1.4325838,1.494617,1.547888,1.585376,1.6225554,1.6319261,1.6355774,1.6220508,1.6070641,1.5945414,1.5937592,1.6178435,1.6903865,1.7313914,1.7338669,1.7091413,1.6669255,1.5986959,2011-01-29 05:00:00+00:00
29,1.5501835,1.4717091,1.4266149,1.4002895,1.391554,1.3907118,1.4169247,1.4643668,1.508317,1.5513694,1.595435,1.6140738,1.6198651,1.6138562,1.600163,1.5896415,1.5880868,1.6163702,1.6963401,1.7404842,1.7454152,1.72648,1.688488,1.62581,2011-01-30 05:00:00+00:00
30,1.557803,1.4853015,1.4472066,1.4271841,1.427434,1.4512488,1.525996,1.6602018,1.7515835,1.7823789,1.8009285,1.8127224,1.8112494,1.7983645,1.7915213,1.7771976,1.7708211,1.7857112,1.8457694,1.8757594,1.8686924,1.840312,1.784189,1.6826241,2011-01-31 05:00:00+00:00
31,1.6272451,1.5454347,1.507209,1.4859563,1.4835138,1.5029231,1.5779655,1.7122695,1.8062276,1.8345158,1.84888,1.8534348,1.8500803,1.8303103,1.8202828,1.8017032,1.794454,1.8064753,1.8628738,1.8869405,1.8738782,1.8366561,1.7776252,1.677627,2011-02-01 05:00:00+00:00
32,1.6071749,1.5215467,1.4820955,1.4594727,1.4589514,1.4778894,1.5471723,1.6776645,1.7702935,1.8047178,1.8282654,1.8407891,1.8431306,1.8309034,1.8261147,1.8123819,1.8082014,1.829351,1.8950952,1.9214299,1.9076897,1.8744648,1.8199986,1.7243845,2011-02-02 05:00:00+00:00
33,1.6540433,1.5661874,1.5250314,1.502022,1.5012393,1.5215398,1.595901,1.7340767,1.8312362,1.8662677,1.8901501,1.9050682,1.9058009,1.8953304,1.8918023,1.8787796,1.8746394,1.8978806,1.968721,1.9939537,1.9749086,1.9383252,1.8808887,1.7803015,2011-02-03 05:00:00+00:00
34,1.6539506,1.5722368,1.5331784,1.512078,1.5096972,1.5283954,1.6018491,1.7318394,1.8211826,1.8510045,1.8668946,1.8718655,1.8649259,1.8456408,1.834283,1.8143935,1.8058106,1.8190373,1.8785933,1.9060061,1.8949019,1.8609996,1.80428,1.708863,2011-02-04 05:00:00+00:00
35,1.5430957,1.4656388,1.4251372,1.401161,1.3946979,1.3957213,1.4246798,1.4794631,1.5255123,1.5619557,1.5974524,1.6021476,1.6020707,1.5849354,1.5662749,1.5508521,1.5484812,1.5685573,1.6354694,1.6782382,1.6863345,1.6651659,1.6247356,1.5614728,2011-02-05 05:00:00+00:00
36,1.5051161,1.4305812,1.3866245,1.3607409,1.3516948,1.3528296,1.3799849,1.428568,1.472189,1.5125368,1.5536213,1.5718215,1.5788971,1.5729315,1.5599008,1.5498879,1.5488385,1.5738809,1.6473296,1.6875513,1.6946107,1.6773543,1.6387116,1.5728434,2011-02-06 05:00:00+00:00
37,1.4597187,1.3883159,1.3526459,1.3329911,1.3346043,1.3550345,1.4173295,1.5348022,1.619323,1.6520425,1.6769935,1.6869166,1.6914823,1.6793718,1.6729965,1.6620951,1.6616542,1.6817557,1.7462926,1.7775805,1.7745842,1.7492814,1.6975645,1.6038345,2011-02-07 05:00:00+00:00
38,1.5714962,1.488649,1.4501815,1.4291313,1.4300218,1.4519786,1.525471,1.6637787,1.7608361,1.7961864,1.8202705,1.8358002,1.8390671,1.8303703,1.8273474,1.8161637,1.8134363,1.8373585,1.9064479,1.9329724,1.9194906,1.8855448,1.8290267,1.7284358,2011-02-08 05:00:00+00:00
39,1.6821576,1.5989774,1.558721,1.5370861,1.5378652,1.5596778,1.6382153,1.7787294,1.8763881,1.9095131,1.9308794,1.943445,1.9411232,1.9303037,1.9267337,1.9126229,1.9090884,1.932232,2.006099,2.0354984,2.0143065,1.975666,1.916783,1.8131443,2011-02-09 05:00:00+00:00
40,1.6971316,1.6138011,1.5739307,1.552272,1.5508058,1.5700647,1.6458321,1.7788976,1.8707806,1.9018873,1.919603,1.9255955,1.9186243,1.9009606,1.8913826,1.8718481,1.8647244,1.8817182,1.9478353,1.9762342,1.9589924,1.9215636,1.8634218,1.7648451,2011-02-10 05:00:00+00:00
41,1.6893525,1.6063744,1.5669708,1.5457889,1.5432746,1.5618985,1.6370254,1.7684702,1.8591475,1.8885742,1.9038461,1.9068575,1.8986964,1.878298,1.866657,1.8457434,1.837286,1.8510181,1.9126607,1.9401138,1.9251407,1.8876944,1.8290792,1.731391,2011-02-11 05:00:00+00:00
42,1.5950944,1.515028,1.4700376,1.4447486,1.4341323,1.4361624,1.4680746,1.5250714,1.5683252,1.6048924,1.6384975,1.6437602,1.6383879,1.6206762,1.6002868,1.5825089,1.5767642,1.5932807,1.6583501,1.6971531,1.7042768,1.6838045,1.6399434,1.5742698,2011-02-12 05:00:00+00:00
43,1.5043184,1.4282389,1.3859891,1.3594707,1.3493655,1.3485044,1.3709183,1.4139127,1.4551824,1.492483,1.5327135,1.5453243,1.5549284,1.5457054,1.5325087,1.5228034,1.5257097,1.5498966,1.6231871,1.6610479,1.666099,1.6419003,1.6014413,1.5324317,2011-02-13 05:00:00+00:00
44,1.4386046,1.365672,1.3286003,1.3077033,1.3073962,1.3305268,1.3996167,1.528277,1.6186285,1.6547453,1.6812831,1.6979697,1.7039175,1.6957828,1.6917096,1.6823987,1.6801853,1.6989932,1.7563112,1.7792566,1.7760789,1.7527347,1.7017505,1.6051894,2011-02-14 05:00:00+00:00
45,1.601384,1.518089,1.4758252,1.4537127,1.4491953,1.4723569,1.5532689,1.6967463,1.7914175,1.8273429,1.8455603,1.8628457,1.8576351,1.8464857,1.8405509,1.8242369,1.8114337,1.8225738,1.8696574,1.8873127,1.8800682,1.8594584,1.8092299,1.7123076,2011-02-15 05:00:00+00:00
46,1.5432312,1.4589523,1.4208949,1.3997862,1.3961835,1.4155264,1.4845102,1.6093383,1.690598,1.7222402,1.7368366,1.735843,1.7355589,1.7083938,1.6992785,1.6844329,1.6790055,1.6772016,1.6995234,1.7080882,1.6991525,1.678879,1.627579,1.52809,2011-02-16 05:00:00+00:00
47,1.5126417,1.4197307,1.3802136,1.355099,1.3505428,1.368627,1.4370909,1.5602837,1.6521404,1.6910963,1.7155105,1.7257435,1.7399995,1.720296,1.7207698,1.7123592,1.7138113,1.7173148,1.7418444,1.7400997,1.7190728,1.6896691,1.6381347,1.5307815,2011-02-17 05:00:00+00:00
48,1.417264,1.3333127,1.2914432,1.2665617,1.2590383,1.2789676,1.347928,1.4810005,1.5796756,1.6240857,1.659293,1.68097,1.6948587,1.6905332,1.6903064,1.680681,1.6758457,1.6858863,1.7209004,1.7281837,1.7235584,1.6978841,1.6462883,1.5494977,2011-02-18 05:00:00+00:00
49,1.431983,1.3520299,1.3023449,1.2737908,1.2571933,1.2608879,1.2945724,1.3535898,1.407681,1.4619536,1.5125593,1.5401394,1.5491122,1.5480418,1.5399481,1.5305969,1.5278379,1.5457267,1.5951629,1.6204219,1.6311705,1.6242583,1.5904708,1.5270053,2011-02-19 05:00:00+00:00
50,1.4272648,1.3576286,1.3167547,1.2920289,1.2849431,1.2903656,1.3218756,1.3771529,1.4257221,1.4672517,1.5075885,1.5272257,1.5353101,1.5303849,1.5198907,1.5124757,1.513475,1.5375305,1.6071556,1.6421022,1.6517441,1.6393495,1.6019564,1.5329112,2011-02-20 05:00:00+00:00
51,1.446707,1.3801101,1.3437883,1.3234966,1.3229785,1.3385091,1.3901875,1.4838908,1.5513479,1.5843906,1.6125647,1.6219366,1.6251258,1.6123885,1.6026794,1.5922828,1.5926634,1.6121434,1.6754537,1.7106109,1.7163099,1.6986258,1.653028,1.5695182,2011-02-21 05:00:00+00:00
52,1.6054902,1.524109,1.4849185,1.4640466,1.4637448,1.4871637,1.5663607,1.7101806,1.8075683,1.8395126,1.8562989,1.8690989,1.866909,1.8538815,1.8487815,1.8331476,1.8251861,1.8404539,1.8986001,1.9230344,1.9115312,1.8815346,1.8252559,1.7243123,2011-02-22 05:00:00+00:00
53,1.6234761,1.543832,1.5048598,1.4838334,1.4814498,1.5014194,1.5758369,1.707944,1.7976527,1.827961,1.8435811,1.8512073,1.8450044,1.8271971,1.8169522,1.7980623,1.7889079,1.8011714,1.85812,1.8850975,1.8765332,1.8460689,1.7903912,1.6945565,2011-02-23 05:00:00+00:00
54,1.5870249,1.5060166,1.4681216,1.4470832,1.4451511,1.4636164,1.532892,1.6604433,1.7490185,1.77837,1.7951987,1.8017344,1.7993851,1.7811625,1.7710556,1.7535217,1.746023,1.758918,1.814509,1.8409808,1.8345491,1.8038151,1.7487246,1.6558543,2011-02-24 05:00:00+00:00
55,1.5654042,1.4855232,1.4469552,1.4260323,1.4247364,1.4444791,1.5141611,1.6428152,1.7300873,1.7621367,1.7801677,1.7903674,1.7880931,1.7726617,1.7641654,1.7475338,1.7389791,1.7525902,1.8075914,1.8348756,1.8308605,1.8059583,1.7540302,1.6629328,2011-02-25 05:00:00+00:00
56,1.5588614,1.481067,1.4362597,1.4113905,1.4007709,1.4029411,1.4368486,1.4959081,1.5403644,1.5798372,1.6144238,1.6268153,1.6239947,1.6114535,1.5932484,1.5763754,1.5678865,1.5840135,1.6449894,1.6816895,1.6938268,1.6828678,1.6447362,1.5811127,2011-02-26 05:00:00+00:00
57,1.4450259,1.3706374,1.3319986,1.3065265,1.2983845,1.2988482,1.3184694,1.3588963,1.398107,1.4337814,1.4733299,1.4822574,1.4954119,1.4843547,1.4730152,1.466123,1.4738383,1.4956677,1.5613339,1.594728,1.6006464,1.57827,1.5389925,1.4673008,2011-02-27 05:00:00+00:00
58,1.3961418,1.3276095,1.2904401,1.2702835,1.269979,1.2947036,1.3651471,1.4966543,1.5858755,1.6224527,1.6488827,1.6670411,1.673629,1.6664549,1.6632795,1.65508,1.6516297,1.6657099,1.7121235,1.7309752,1.7342155,1.718862,1.6689351,1.5731008,2011-02-28 05:00:00+00:00
59,1.5048836,1.4219797,1.3845836,1.3632507,1.3620195,1.3863689,1.4647279,1.6121,1.7157533,1.7510103,1.7759577,1.7937629,1.8001845,1.7931172,1.7914908,1.7835982,1.7818103,1.8033032,1.8641173,1.8805256,1.8686913,1.8352125,1.7766392,1.6705742,2011-03-01 05:00:00+00:00
60,1.5298339,1.454223,1.4179789,1.3987994,1.3992288,1.4204355,1.4905181,1.6203051,1.7064813,1.7369318,1.7527221,1.7601705,1.757126,1.7402693,1.731059,1.7135929,1.7045773,1.715578,1.7657522,1.7949209,1.795549,1.7746632,1.7237709,1.6335435,2011-03-02 05:00:00+00:00
61,1.5894659,1.510902,1.470329,1.4491676,1.4458492,1.4688216,1.5477507,1.68674,1.7789446,1.811573,1.8256991,1.837791,1.8324639,1.8164686,1.8077545,1.7894145,1.7771039,1.784577,1.8300365,1.8519545,1.8468401,1.8237569,1.770161,1.6716185,2011-03-03 05:00:00+00:00
62,1.5487987,1.4686633,1.4308149,1.4108207,1.4069555,1.4257967,1.4938655,1.6175381,1.6982571,1.7271461,1.7399763,1.7394595,1.7359505,1.7105532,1.698596,1.6820543,1.6747198,1.6770356,1.7112292,1.7278016,1.7237095,1.6998117,1.6465341,1.5503377,2011-03-04 05:00:00+00:00
63,1.4758332,1.3945705,1.3491615,1.3216822,1.3098106,1.3108568,1.3377848,1.3872608,1.437747,1.485469,1.5327638,1.5572686,1.5704908,1.5674349,1.5568812,1.547391,1.545253,1.5701666,1.6336873,1.6658792,1.671186,1.6548579,1.6201773,1.555993,2011-03-05 05:00:00+00:00
64,1.4162152,1.3435068,1.294861,1.2654922,1.2499659,1.2502475,1.2740757,1.3136258,1.355248,1.4096332,1.4633235,1.4944749,1.5057875,1.5091307,1.5015405,1.4957576,1.4951665,1.5172284,1.5745786,1.6061428,1.622093,1.6194644,1.5884966,1.5298871,2011-03-06 05:00:00+00:00
65,1.4422454,1.3773179,1.3423349,1.3255358,1.3269851,1.3521137,1.4253712,1.5578085,1.6418314,1.6719891,1.6884034,1.6969352,1.6942427,1.679527,1.6708292,1.656016,1.6471726,1.6532031,1.692309,1.7166111,1.7250971,1.7157483,1.6672667,1.5724846,2011-03-07 05:00:00+00:00
66,1.5203055,1.4469719,1.4110205,1.3927603,1.3911426,1.4139857,1.4882689,1.6234486,1.7107481,1.7383636,1.7486174,1.7523696,1.7471318,1.7262149,1.7146703,1.6950198,1.6829498,1.6855453,1.7219896,1.7460496,1.7499883,1.7306235,1.678036,1.5846647,2011-03-08 05:00:00+00:00
67,1.4782751,1.403819,1.366849,1.3473585,1.3447865,1.3669199,1.4381413,1.5690937,1.6552446,1.6849021,1.6979043,1.7062275,1.7062141,1.6878276,1.6782233,1.662588,1.6528141,1.6572639,1.6924282,1.7109277,1.7135025,1.693263,1.6411139,1.5453757,2011-03-09 05:00:00+00:00
68,1.4998034,1.4197996,1.382688,1.3624195,1.3613672,1.3832303,1.4555318,1.5905375,1.6836805,1.7168983,1.7358444,1.7483644,1.7503619,1.73692,1.7306851,1.7164977,1.7087952,1.7218072,1.7691447,1.7903903,1.7881197,1.7655861,1.7154043,1.6220431,2011-03-10 05:00:00+00:00
69,1.4707098,1.3960972,1.3586645,1.3392149,1.3371007,1.360577,1.4364169,1.5745102,1.6633226,1.696141,1.7126597,1.7247255,1.7210512,1.7071431,1.6997269,1.6832438,1.6699927,1.6748934,1.7072905,1.7231746,1.7291217,1.7216005,1.6759132,1.5858759,2011-03-11 05:00:00+00:00
70,1.4832535,1.4095758,1.3689562,1.3450863,1.3378277,1.3407252,1.3718033,1.4289844,1.4762057,1.513835,1.5494274,1.5615373,1.5658545,1.5547845,1.5401101,1.5272027,1.5238174,1.5426708,1.6042202,1.6422203,1.6538445,1.6399567,1.6022274,1.5365055,2011-03-12 05:00:00+00:00
71,1.3314979,1.2629501,1.2259349,1.2005012,1.1929173,1.193811,1.2109398,1.243823,1.2792448,1.3259648,1.3701715,1.3836308,1.3940347,1.3858615,1.3746976,1.3640072,1.3636894,1.377646,1.4211911,1.4505348,1.4763873,1.4830949,1.4575815,1.4030594,2011-03-13 05:00:00+00:00
72,1.4670079,1.3992299,1.3608452,1.3416109,1.3411834,1.3685676,1.4478941,1.5903469,1.6835097,1.7169355,1.7387656,1.7555296,1.7564373,1.7485366,1.7441208,1.7334889,1.7258292,1.7370998,1.7824577,1.801827,1.8026733,1.7865088,1.7328647,1.6288689,2011-03-14 04:00:00+00:00
73,1.4564005,1.3849802,1.3485724,1.3300424,1.3277338,1.3504624,1.4217796,1.5524849,1.6366316,1.6659235,1.6783838,1.6866512,1.6847281,1.666547,1.6552514,1.6374366,1.6239529,1.6241632,1.6508743,1.6700435,1.6816665,1.672055,1.6232412,1.5324296,2011-03-15 04:00:00+00:00
74,1.4655962,1.3907337,1.3531706,1.3341689,1.3305817,1.3545431,1.4272437,1.5607477,1.6407943,1.673423,1.6855046,1.6906896,1.6854985,1.6651404,1.6548346,1.6350789,1.6170005,1.6071961,1.6132079,1.6236284,1.6366128,1.639457,1.5943705,1.5055982,2011-03-16 04:00:00+00:00
75,1.4655423,1.3783604,1.3373384,1.316148,1.3128581,1.3358299,1.4127164,1.5401472,1.6324494,1.6783156,1.7051783,1.7219961,1.7331175,1.7191151,1.7231243,1.7155167,1.7134315,1.7105882,1.7124498,1.7015693,1.6867191,1.6803215,1.6394328,1.5336188,2011-03-17 04:00:00+00:00
76,1.358505,1.2878582,1.2500038,1.2297486,1.2255859,1.2478044,1.316319,1.4451803,1.5342152,1.5692629,1.5913403,1.6036105,1.6091813,1.596055,1.5893178,1.5734662,1.5587435,1.552718,1.5600532,1.566695,1.582519,1.5829227,1.5413399,1.4551008,2011-03-18 04:00:00+00:00
77,1.3496032,1.2720416,1.2220871,1.189451,1.1701292,1.1699607,1.1921439,1.2293473,1.2704189,1.3283796,1.3812793,1.4069211,1.4146749,1.4117702,1.3998989,1.3851336,1.3774656,1.3751111,1.3827807,1.3921618,1.421687,1.4433305,1.4236217,1.3661584,2011-03-19 04:00:00+00:00
78,1.357605,1.2817376,1.2416598,1.2187402,1.2102604,1.2195182,1.2537203,1.3097898,1.3511207,1.3980823,1.4405111,1.4590967,1.4712825,1.4676139,1.464126,1.4592412,1.457952,1.4639899,1.4786098,1.4825716,1.499927,1.5212367,1.4942046,1.4195626,2011-03-20 04:00:00+00:00
79,1.349707,1.2821583,1.2453223,1.226017,1.2258356,1.2522237,1.3254148,1.4639066,1.5544947,1.5894303,1.6095877,1.6250768,1.6300881,1.6195601,1.6159765,1.6051657,1.5936527,1.5920749,1.6041541,1.6077547,1.6231079,1.6248245,1.5755686,1.4780449,2011-03-21 04:00:00+00:00
80,1.333384,1.2585337,1.2156868,1.1925015,1.186039,1.2067782,1.278872,1.4145983,1.5090626,1.5553253,1.5858035,1.6063044,1.6151108,1.6093315,1.6062795,1.5915031,1.5758417,1.5597086,1.5440983,1.5356014,1.5523157,1.5590296,1.5195255,1.4259304,2011-03-22 04:00:00+00:00
81,1.384528,1.3128359,1.2781787,1.2597222,1.2592216,1.2850366,1.3602557,1.5011477,1.5972697,1.6303507,1.6509855,1.6617548,1.667173,1.6540804,1.6489191,1.6361552,1.6291804,1.6340001,1.6612655,1.6749566,1.6814191,1.6711605,1.6236751,1.5290086,2011-03-23 04:00:00+00:00
82,1.4232779,1.3466256,1.3082091,1.2886363,1.2856984,1.3099314,1.3850739,1.5246123,1.6219084,1.660865,1.6869465,1.7025101,1.7078421,1.6985927,1.6950394,1.682215,1.6745536,1.6825448,1.7124444,1.7250991,1.7278982,1.716244,1.6707876,1.5787829,2011-03-24 04:00:00+00:00
83,1.4768522,1.4047151,1.3698887,1.351891,1.3536465,1.3776313,1.4517303,1.5888958,1.6790824,1.7089114,1.7233666,1.7309368,1.7286121,1.7122897,1.7038118,1.6873616,1.6781509,1.686456,1.7292821,1.7543905,1.758131,1.7428744,1.6931447,1.6002514,2011-03-25 04:00:00+00:00
84,1.4534593,1.3833019,1.3451296,1.3234761,1.3174541,1.3217148,1.3523991,1.4088503,1.4527524,1.4900537,1.5229445,1.528708,1.5275192,1.5126172,1.4958446,1.480305,1.4748831,1.4883038,1.5380826,1.5759888,1.5954163,1.5911033,1.5555968,1.4959105,2011-03-26 04:00:00+00:00
85,1.4305229,1.3626888,1.3243049,1.3025942,1.2968926,1.3022492,1.3331171,1.388828,1.4311063,1.4703193,1.5048996,1.5127649,1.5138297,1.501895,1.4876485,1.474484,1.4709228,1.485163,1.5359452,1.5718949,1.5914665,1.5903599,1.5557166,1.4946786,2011-03-27 04:00:00+00:00
86,1.4440571,1.3790143,1.3435295,1.3262782,1.3273257,1.351742,1.4220066,1.5492378,1.6303667,1.6617177,1.679752,1.6875162,1.6858909,1.6710949,1.662672,1.6476852,1.6397407,1.6460389,1.68397,1.7089014,1.7179171,1.7093236,1.6617385,1.5697517,2011-03-28 04:00:00+00:00
87,1.4733037,1.4037013,1.3701239,1.3532727,1.3534653,1.3755405,1.4445763,1.5723581,1.6542464,1.680377,1.6913296,1.6927116,1.6875781,1.6661822,1.6533574,1.633366,1.6219292,1.6241742,1.6582581,1.6858549,1.696995,1.6845016,1.6352775,1.5480666,2011-03-29 04:00:00+00:00
88,1.4561179,1.3855344,1.3522168,1.3346117,1.3350577,1.3573204,1.4259427,1.5540788,1.6380118,1.6652759,1.6775217,1.6799409,1.6772151,1.6563202,1.6445696,1.6250213,1.6143568,1.6168917,1.6499089,1.675566,1.6861479,1.6735127,1.6249194,1.5371251,2011-03-30 04:00:00+00:00
89,1.5001239,1.426664,1.3913529,1.3728254,1.3725866,1.3957139,1.4690559,1.603587,1.6916689,1.7203869,1.7324193,1.737808,1.7338862,1.7145685,1.704186,1.6844672,1.6723317,1.6754926,1.71087,1.7354231,1.741701,1.7277608,1.6783385,1.5873532,2011-03-31 04:00:00+00:00
90,1.462674,1.392479,1.3581339,1.3402625,1.3398418,1.3617991,1.4307649,1.5575472,1.6403675,1.6684083,1.6809357,1.6846828,1.6811097,1.6608258,1.6489187,1.6294559,1.6180105,1.6201562,1.653036,1.6781211,1.6891687,1.67822,1.6308159,1.5428181,2011-04-01 04:00:00+00:00
91,1.3728534,1.3033149,1.266756,1.2441827,1.2376366,1.2423841,1.2689466,1.3187268,1.3574096,1.3976094,1.4315474,1.4357235,1.4375244,1.4226327,1.4078246,1.3916056,1.3853267,1.3917367,1.4228919,1.4506123,1.4788405,1.4908435,1.463301,1.4073334,2011-04-02 04:00:00+00:00
92,1.3733642,1.2955556,1.2549797,1.2317362,1.2228067,1.2298886,1.2592599,1.3076434,1.3449141,1.3908707,1.4345673,1.451185,1.4639432,1.4596492,1.4553633,1.4498287,1.4503869,1.457602,1.4754677,1.4832473,1.4988606,1.5172191,1.4911276,1.4191222,2011-04-03 04:00:00+00:00
93,1.3455322,1.279988,1.2453524,1.226385,1.2282376,1.2550675,1.3275996,1.4647529,1.5575185,1.5908358,1.6127038,1.6271842,1.6329203,1.6213055,1.6171186,1.6069275,1.6025445,1.6098634,1.640681,1.6517043,1.6626842,1.6556756,1.6033859,1.5031614,2011-04-04 04:00:00+00:00
94,1.3401103,1.2659558,1.2248574,1.2026341,1.197682,1.220038,1.2955778,1.4406091,1.5387198,1.5830803,1.6110009,1.6276815,1.6325347,1.6254051,1.6220244,1.6069902,1.5918226,1.5781854,1.571135,1.5661709,1.5826195,1.5852666,1.5417855,1.446706,2011-04-05 04:00:00+00:00
95,1.4626276,1.3887029,1.3504895,1.331697,1.3287532,1.3551506,1.4341192,1.5775626,1.6649995,1.6979034,1.7103121,1.7187777,1.7162243,1.6984985,1.6911764,1.6746277,1.6580435,1.6490098,1.6548321,1.6609344,1.6694746,1.6698878,1.6218688,1.5243756,2011-04-06 04:00:00+00:00
96,1.405619,1.3311764,1.2943194,1.2744584,1.2705469,1.2926275,1.3612323,1.4913651,1.5784874,1.6091381,1.6241267,1.6332796,1.6370305,1.61888,1.6095418,1.5928463,1.5778245,1.572588,1.5835197,1.5925171,1.6055238,1.5992782,1.5519549,1.4620636,2011-04-07 04:00:00+00:00
97,1.3389931,1.2707568,1.232175,1.2120669,1.20838,1.2304951,1.3006983,1.4292797,1.5157354,1.5552149,1.5777396,1.5916622,1.593135,1.5821604,1.5749336,1.5578448,1.538101,1.52258,1.5094187,1.5086851,1.5333849,1.5494246,1.5152864,1.4311751,2011-04-08 04:00:00+00:00
98,1.3724304,1.2925434,1.2488695,1.2234906,1.2105463,1.220879,1.256526,1.3114371,1.3507093,1.400023,1.4455081,1.4683831,1.4802061,1.4779851,1.4765633,1.472566,1.4715624,1.4762678,1.4857745,1.4808755,1.4936212,1.516696,1.4912605,1.4167415,2011-04-09 04:00:00+00:00
99,1.302002,1.2168329,1.1763409,1.1500394,1.1414251,1.1433369,1.1670018,1.2021104,1.2507011,1.309135,1.3736491,1.4059999,1.4464214,1.4548589,1.4689703,1.4761993,1.4954814,1.5108763,1.5245339,1.5202701,1.5209564,1.5359662,1.5197359,1.4397792,2011-04-10 04:00:00+00:00
100,1.3171992,1.2364444,1.1898663,1.1617286,1.1539099,1.1743435,1.2427167,1.3819607,1.4859028,1.5438039,1.5933203,1.6325686,1.6615884,1.6708552,1.679886,1.6784891,1.6739943,1.6715506,1.6653669,1.6463501,1.645386,1.632019,1.5776507,1.4631356,2011-04-11 04:00:00+00:00
101,1.3965423,1.308217,1.2577688,1.2298433,1.218234,1.232771,1.298212,1.4253864,1.5164317,1.5717084,1.612117,1.6342394,1.6421874,1.6400192,1.6390153,1.624532,1.6098553,1.5926816,1.5740715,1.5563128,1.5599346,1.5610085,1.5193907,1.4228173,2011-04-12 04:00:00+00:00
102,1.3764246,1.3067176,1.2698684,1.2505565,1.2494614,1.2768586,1.3564072,1.5001707,1.5909721,1.6280863,1.6461629,1.6552038,1.6529354,1.6394397,1.635173,1.6205555,1.6020501,1.5886474,1.5772579,1.5713353,1.5858094,1.6008346,1.5643831,1.4716574,2011-04-13 04:00:00+00:00
103,1.3423201,1.2666074,1.2284476,1.209053,1.2056515,1.2301471,1.2979332,1.4201746,1.4984362,1.5388386,1.5616446,1.5718989,1.5779095,1.5630815,1.5603226,1.5474093,1.5331742,1.5177146,1.4926932,1.4794667,1.4938762,1.5180218,1.4858853,1.3966414,2011-04-14 04:00:00+00:00
104,1.3541173,1.2764902,1.2342519,1.2122307,1.2077274,1.23322,1.3118211,1.4506485,1.5451404,1.5900327,1.6172017,1.6437578,1.6554735,1.6498271,1.6506135,1.6393931,1.6203046,1.6035887,1.577736,1.5580399,1.566371,1.5789611,1.5397236,1.4403708,2011-04-15 04:00:00+00:00
105,1.3126053,1.2389029,1.1934403,1.1619098,1.1447046,1.1467576,1.1682255,1.2035503,1.2416906,1.2977681,1.3494905,1.3768916,1.3886243,1.3879768,1.3782456,1.3651934,1.3566469,1.3539414,1.3543224,1.3602774,1.3943435,1.4221535,1.4036365,1.343635,2011-04-16 04:00:00+00:00
106,1.305542,1.2346902,1.1937892,1.1646074,1.1521442,1.1568226,1.1844965,1.2318726,1.2736441,1.3262327,1.3736714,1.4014828,1.4163562,1.4180225,1.4124255,1.4050887,1.3992579,1.3991722,1.4052972,1.410075,1.4403118,1.4629874,1.4396334,1.3720307,2011-04-17 04:00:00+00:00
107,1.3501828,1.2811925,1.2409803,1.2211014,1.2183828,1.2435085,1.3183119,1.4542701,1.5415008,1.5832223,1.6087,1.6311922,1.6366878,1.6325688,1.631214,1.621477,1.604328,1.5944082,1.5844127,1.5759232,1.5926018,1.6075146,1.566461,1.4706393,2011-04-18 04:00:00+00:00
108,1.3200811,1.239255,1.200034,1.1781802,1.1761794,1.1998706,1.2751381,1.403679,1.4994934,1.5489596,1.581524,1.6107605,1.6306307,1.6261963,1.6330605,1.6282827,1.621107,1.6099875,1.58568,1.5598168,1.5598184,1.5735888,1.5380827,1.4321544,2011-04-19 04:00:00+00:00
109,1.3685212,1.2970356,1.2564597,1.2355381,1.2312719,1.2560455,1.3356509,1.4843968,1.5831114,1.6213717,1.6437901,1.6625049,1.6664894,1.6592692,1.6550024,1.6409001,1.6222668,1.6103197,1.6070465,1.6052182,1.6209991,1.6234612,1.5778235,1.4828788,2011-04-20 04:00:00+00:00
110,1.3476031,1.271032,1.2303703,1.2074119,1.2011588,1.2196165,1.2869961,1.4183954,1.5108328,1.5551375,1.5856142,1.6000113,1.6058197,1.5964957,1.5918974,1.5772918,1.5651857,1.5548861,1.5577763,1.5590789,1.5724648,1.5689151,1.5266397,1.4368113,2011-04-21 04:00:00+00:00
111,1.3315796,1.2534161,1.2157067,1.1970389,1.1946539,1.2190365,1.2892207,1.4095696,1.4893125,1.5355431,1.5621703,1.5763507,1.5859674,1.5730586,1.5748289,1.5652733,1.556846,1.5435852,1.5154074,1.4949715,1.5000055,1.5264025,1.497102,1.4021385,2011-04-22 04:00:00+00:00
112,1.3318605,1.2547585,1.2159659,1.1920619,1.1837034,1.1897651,1.216847,1.2623875,1.3015895,1.3488028,1.3953547,1.415339,1.4333472,1.4307989,1.4283658,1.4244076,1.4261377,1.4337252,1.4490663,1.4542272,1.4719656,1.4915526,1.4671854,1.3949975,2011-04-23 04:00:00+00:00
113,1.2518718,1.1689001,1.1280693,1.0947281,1.0813881,1.079479,1.0924051,1.116179,1.1537704,1.21592,1.2859046,1.3239911,1.3681858,1.3822086,1.3939648,1.4020331,1.4175973,1.4258298,1.4220222,1.4061499,1.4138205,1.429817,1.4147274,1.3377756,2011-04-24 04:00:00+00:00
114,1.2633443,1.1815815,1.1454525,1.1210378,1.1198187,1.1365337,1.1965196,1.3086095,1.4004424,1.4643774,1.5205148,1.5558698,1.5939274,1.6021112,1.6199249,1.6264832,1.6357603,1.6358793,1.6136721,1.5811477,1.5738883,1.5837307,1.5521594,1.4425274,2011-04-25 04:00:00+00:00
115,1.4078505,1.315827,1.2633581,1.2300842,1.2172511,1.2319661,1.2976129,1.4041911,1.4954965,1.5759546,1.6472964,1.705816,1.7488256,1.775921,1.8033953,1.8162374,1.826924,1.8291354,1.8044525,1.7617195,1.7308725,1.7272646,1.6983149,1.5827162,2011-04-26 04:00:00+00:00
116,1.4274671,1.3284955,1.2762002,1.2424188,1.2298715,1.2426176,1.3093468,1.4326801,1.5277306,1.5963463,1.6537899,1.6957963,1.7281784,1.7418624,1.7590699,1.7625498,1.7604012,1.7506868,1.7199448,1.6769633,1.6573023,1.6497946,1.6057888,1.4909954,2011-04-27 04:00:00+00:00
117,1.4728022,1.3761976,1.320194,1.2890973,1.273552,1.2875447,1.3588454,1.4916908,1.5863111,1.644919,1.6896585,1.7213664,1.7333215,1.7377083,1.7421,1.7314117,1.7140769,1.6988951,1.676833,1.6488943,1.6419568,1.6377218,1.5907412,1.4870868,2011-04-28 04:00:00+00:00
118,1.3500882,1.2738695,1.2298623,1.2047946,1.1964453,1.2148687,1.2825428,1.4064829,1.4934038,1.5429566,1.5770552,1.5981433,1.604443,1.5994895,1.5956348,1.5805982,1.5648142,1.5485992,1.5278229,1.5149529,1.5323058,1.5469091,1.5145408,1.4251158,2011-04-29 04:00:00+00:00
119,1.3134465,1.237629,1.197665,1.1712542,1.160214,1.1653821,1.1920388,1.2373235,1.2752153,1.3245335,1.371223,1.3966715,1.4129543,1.413315,1.409626,1.404618,1.4004776,1.4034672,1.4098744,1.4118099,1.4364231,1.4596179,1.435816,1.366648,2011-04-30 04:00:00+00:00
120,1.2533627,1.1754061,1.1377746,1.110422,1.1008103,1.1027362,1.1213622,1.1540856,1.1915921,1.2462603,1.3040212,1.3340724,1.3648022,1.3693856,1.3734126,1.375745,1.3825852,1.389695,1.3913869,1.3863616,1.404618,1.4282691,1.4095819,1.3373443,2011-05-01 04:00:00+00:00
121,1.2731972,1.202946,1.1666949,1.1438007,1.143245,1.1670066,1.2380141,1.3813732,1.4844937,1.5333445,1.5691996,1.5942132,1.6117378,1.6094468,1.6106354,1.6029819,1.5954062,1.5920422,1.5938225,1.5879204,1.599975,1.5945036,1.5450268,1.4383769,2011-05-02 04:00:00+00:00
122,1.3202288,1.2434326,1.2033579,1.1806126,1.1754789,1.1959426,1.2673095,1.4073492,1.5059568,1.5509697,1.5807745,1.5957787,1.6048074,1.5962598,1.5932784,1.5781796,1.5649072,1.5500069,1.5412908,1.5352788,1.548905,1.5469282,1.5038896,1.4082888,2011-05-03 04:00:00+00:00
123,1.3620616,1.2942946,1.2584077,1.2395034,1.2395225,1.2667258,1.3468202,1.4938834,1.5873616,1.6235006,1.6412917,1.6506443,1.6498295,1.6369805,1.6323296,1.6177629,1.599302,1.585842,1.575705,1.5718174,1.5879556,1.6013715,1.5630603,1.4691007,2011-05-04 04:00:00+00:00
124,1.387681,1.3160268,1.2793632,1.2611256,1.2594174,1.2857224,1.361043,1.4998854,1.5856229,1.619356,1.6338981,1.6405935,1.6389337,1.6217235,1.6157032,1.6001658,1.5823941,1.5705339,1.5657464,1.5658572,1.5805267,1.5907431,1.5490187,1.4572153,2011-05-05 04:00:00+00:00
125,1.3830411,1.3076643,1.2643265,1.2429923,1.2378922,1.2645626,1.3451817,1.4853594,1.5762105,1.6201246,1.6444805,1.6685872,1.6726413,1.6668575,1.6649725,1.6520216,1.6303165,1.6138635,1.5903103,1.5734859,1.5845999,1.6025329,1.5649545,1.4691036,2011-05-06 04:00:00+00:00
126,1.3176763,1.2374698,1.1935428,1.1648189,1.1506684,1.1552166,1.1808622,1.2225282,1.2591655,1.3133537,1.3653262,1.3952806,1.4131383,1.415698,1.4136318,1.4090792,1.4051236,1.4065199,1.4037441,1.3965816,1.4176638,1.4460926,1.424973,1.355299,2011-05-07 04:00:00+00:00
127,1.2578509,1.1829118,1.1430367,1.1133511,1.100821,1.1027545,1.1209788,1.1527216,1.1868382,1.2431184,1.2999759,1.3295593,1.3555037,1.3604035,1.3617747,1.3619887,1.3658257,1.3697958,1.3691373,1.3638256,1.3879272,1.4133146,1.3944142,1.3245789,2011-05-08 04:00:00+00:00
128,1.2672099,1.1884727,1.149072,1.1236378,1.1209793,1.1385548,1.1992122,1.3142636,1.4018197,1.460923,1.5110961,1.5439849,1.5760448,1.5807154,1.5926758,1.5954455,1.597305,1.5897529,1.558253,1.5233669,1.5217166,1.5393572,1.5088806,1.403672,2011-05-09 04:00:00+00:00
129,1.3407404,1.2560282,1.2110567,1.1830239,1.1753953,1.195365,1.2646095,1.3779534,1.4686489,1.5362656,1.5907872,1.6335502,1.666971,1.6788392,1.6996095,1.7057817,1.7109733,1.7056884,1.6747799,1.6349907,1.6160688,1.6290174,1.6038694,1.4943355,2011-05-10 04:00:00+00:00
130,1.390369,1.3001118,1.2496917,1.218117,1.2071964,1.2244139,1.2946756,1.412083,1.5092517,1.5868851,1.654254,1.7095137,1.7505527,1.7748804,1.800944,1.8124031,1.8204538,1.8199415,1.7923433,1.7487221,1.7213025,1.7194245,1.6862199,1.5680215,2011-05-11 04:00:00+00:00
131,1.413991,1.3170187,1.2632505,1.227799,1.2131472,1.2243062,1.2829657,1.3825154,1.4694705,1.5501612,1.6230668,1.6786118,1.7230437,1.7487266,1.774488,1.785883,1.7955104,1.7946141,1.7644414,1.7185228,1.6875651,1.6830223,1.6528405,1.5404626,2011-05-12 04:00:00+00:00
132,1.4662099,1.3610817,1.3044196,1.2660754,1.2507524,1.2621455,1.3215644,1.4269742,1.5194371,1.6007576,1.6746445,1.72598,1.769794,1.7925831,1.8203745,1.8325012,1.8414629,1.8407444,1.8112416,1.759944,1.7196541,1.708606,1.6743876,1.5578531,2011-05-13 04:00:00+00:00
133,1.4380634,1.3396709,1.2803313,1.2397947,1.2156153,1.2091141,1.2261873,1.2529409,1.2962936,1.3704594,1.4504249,1.50137,1.5405824,1.559315,1.5685096,1.5719965,1.5772884,1.5807203,1.5686989,1.5427825,1.532163,1.5407772,1.5228547,1.4439349,2011-05-14 04:00:00+00:00
134,1.4188116,1.3324099,1.2738751,1.2364373,1.2101023,1.2054591,1.225404,1.2561889,1.2933087,1.3567607,1.4228492,1.4710402,1.4915019,1.506462,1.5029771,1.4983703,1.4914366,1.4945865,1.5022371,1.4974508,1.5123196,1.5249572,1.4993232,1.4295639,2011-05-15 04:00:00+00:00
135,1.3553157,1.277095,1.2326167,1.206538,1.1996713,1.2209778,1.2966617,1.4382116,1.5349568,1.5888681,1.6287878,1.6627762,1.6782197,1.6843495,1.6885285,1.6827531,1.6700151,1.6601275,1.6455183,1.6230087,1.627857,1.6300402,1.5850183,1.4775907,2011-05-16 04:00:00+00:00
136,1.3463657,1.2692189,1.2286125,1.2063828,1.2031434,1.2274184,1.3039739,1.433926,1.5259191,1.576492,1.6115465,1.6418467,1.6574897,1.6569506,1.6629093,1.6578907,1.6474061,1.6374916,1.619075,1.5959907,1.5979787,1.6127474,1.5772188,1.4728621,2011-05-17 04:00:00+00:00
137,1.3908654,1.3107316,1.2646459,1.239011,1.2322228,1.2582012,1.3457367,1.4966856,1.5998327,1.6529819,1.6896417,1.7268109,1.7422593,1.7485206,1.7562951,1.751374,1.7361193,1.7225516,1.6973468,1.6658664,1.6623396,1.6686368,1.6256953,1.5139428,2011-05-18 04:00:00+00:00
138,1.3954782,1.3122699,1.2647092,1.2368426,1.2277553,1.2487549,1.3265293,1.4585053,1.5499785,1.606832,1.6479543,1.6837404,1.6976473,1.7031285,1.7096226,1.703007,1.6904976,1.6768599,1.6460116,1.6121256,1.6100358,1.6232119,1.5896212,1.4867868,2011-05-19 04:00:00+00:00
139,1.3899536,1.3055407,1.2592769,1.2307148,1.2222834,1.2446252,1.3199713,1.4414833,1.5322781,1.5982354,1.648722,1.6906817,1.7158139,1.7272798,1.7455785,1.7486947,1.7494795,1.7448219,1.7208523,1.6838446,1.6642942,1.6715958,1.6428577,1.5327905,2011-05-20 04:00:00+00:00
140,1.3739624,1.2850115,1.2323033,1.1981792,1.177964,1.1779606,1.2008282,1.2329792,1.2743303,1.3439559,1.4174662,1.4719718,1.5140141,1.5382793,1.5537939,1.5639277,1.5761236,1.5888091,1.5949755,1.5787911,1.5724367,1.5817275,1.5623599,1.4806232,2011-05-21 04:00:00+00:00
141,1.381787,1.291775,1.2357439,1.1978153,1.1747854,1.1694771,1.187498,1.2102222,1.2535181,1.3321201,1.4226763,1.4924579,1.5526578,1.5927476,1.6179997,1.6371254,1.6576599,1.6751744,1.6807683,1.6605108,1.6465448,1.6506002,1.6324891,1.5437354,2011-05-22 04:00:00+00:00
142,1.4580024,1.3586524,1.3011154,1.2653161,1.2508852,1.2668208,1.3371241,1.4623067,1.5679449,1.6550965,1.7373625,1.8052654,1.85767,1.8971456,1.9330038,1.9536964,1.9677243,1.9758252,1.9554317,1.9051557,1.8653625,1.8481598,1.8020351,1.6693338,2011-05-23 04:00:00+00:00
143,1.4953268,1.3830386,1.3215997,1.2793682,1.2598813,1.2673329,1.3199927,1.4109443,1.5029464,1.5961745,1.6838367,1.7462227,1.8049122,1.8378924,1.877011,1.8993113,1.9189113,1.9239967,1.8923024,1.8362243,1.7857198,1.7692649,1.7414591,1.6227236,2011-05-24 04:00:00+00:00
144,1.552913,1.4396807,1.3743523,1.3319032,1.3109086,1.3198725,1.37677,1.4698466,1.5666353,1.663891,1.756311,1.82798,1.8904186,1.9304452,1.9743466,2.000289,2.0223694,2.034001,2.0142357,1.9623597,1.90483,1.880548,1.8511401,1.7282203,2011-05-25 04:00:00+00:00
145,1.6242474,1.5031701,1.4334948,1.3869232,1.3625007,1.368925,1.427098,1.5297437,1.6276792,1.7179266,1.8016719,1.8645408,1.9177701,1.9489133,1.9826975,2.0016336,2.013686,2.0158427,1.9916396,1.93593,1.8768667,1.847311,1.8042105,1.6794274,2011-05-26 04:00:00+00:00
146,1.516399,1.4008601,1.3378409,1.2935969,1.2729092,1.278091,1.3275892,1.4146779,1.5044198,1.5968436,1.6832036,1.7433431,1.8014092,1.8315719,1.8684132,1.8891958,1.9080923,1.9108737,1.8784419,1.8229742,1.7714238,1.7530806,1.7236905,1.6063284,2011-05-27 04:00:00+00:00
147,1.4692618,1.3661505,1.3006521,1.2596188,1.2324107,1.2257519,1.2400134,1.2574213,1.3067986,1.3987541,1.5012516,1.582226,1.6544367,1.6990597,1.7353321,1.7619853,1.7916195,1.8177909,1.8270701,1.8031797,1.7687413,1.7578638,1.74464,1.6537219,2011-05-28 04:00:00+00:00
148,1.4633014,1.3611368,1.2938046,1.2516739,1.2231388,1.2152734,1.2314656,1.2489282,1.304372,1.4051489,1.52073,1.6148715,1.7014941,1.7615672,1.8094366,1.8455311,1.8829033,1.9133147,1.9204404,1.891757,1.8523834,1.8422911,1.8300706,1.7302606,2011-05-29 04:00:00+00:00
149,1.6450205,1.5255727,1.4458652,1.395839,1.3629522,1.3593744,1.3961155,1.4535999,1.5399991,1.6546581,1.7823792,1.8927584,1.9901489,2.067855,2.130391,2.1763208,2.2150822,2.2481115,2.2498937,2.2044413,2.1414404,2.1078637,2.073586,1.9443169,2011-05-30 04:00:00+00:00
150,1.9107972,1.7661752,1.667698,1.606057,1.5634897,1.5619617,1.616179,1.7066338,1.8202919,1.9471647,2.082717,2.2069554,2.3101914,2.3977196,2.4655528,2.514038,2.5466244,2.5766385,2.5785213,2.519353,2.4259675,2.3633044,2.3067198,2.1525223,2011-05-31 04:00:00+00:00
151,1.967235,1.8155767,1.7196201,1.6564151,1.6152825,1.613709,1.6750686,1.7895664,1.9000676,2.0051117,2.1001575,2.1816654,2.2454495,2.2889729,2.3257465,2.3472345,2.3507688,2.3437355,2.3115363,2.245286,2.1546338,2.0956674,2.0322213,1.8906436,2011-06-01 04:00:00+00:00
152,1.7305491,1.5981162,1.5194911,1.4640944,1.4325106,1.4248346,1.4611316,1.5326616,1.6067518,1.6958165,1.7732353,1.8212516,1.8595464,1.8734154,1.8880999,1.889104,1.8859262,1.8660568,1.8169838,1.7643998,1.7129468,1.698189,1.6655797,1.561573,2011-06-02 04:00:00+00:00
153,1.4524591,1.347449,1.2898302,1.25069,1.2321072,1.2385714,1.2825491,1.3523723,1.4300551,1.5175657,1.5991782,1.656107,1.7065876,1.729986,1.7618545,1.7786223,1.7984891,1.8067605,1.7853875,1.7411506,1.6998441,1.6902571,1.6731458,1.5698003,2011-06-03 04:00:00+00:00
154,1.4057956,1.308992,1.2493186,1.2118618,1.1886098,1.1840277,1.2012199,1.2221832,1.2731568,1.3602484,1.4577328,1.5328708,1.6037376,1.6453499,1.6800852,1.7050173,1.7346216,1.7571999,1.7633835,1.7421262,1.7136978,1.7115898,1.6985717,1.6072042,2011-06-04 04:00:00+00:00
155,1.5247065,1.4202203,1.3501635,1.3040355,1.275178,1.2684664,1.2886053,1.3151475,1.3729191,1.4718134,1.5844152,1.6741102,1.7527901,1.8092008,1.8520876,1.8832523,1.9131148,1.9391108,1.9414512,1.9083397,1.864652,1.8497784,1.8322368,1.7297183,2011-06-05 04:00:00+00:00
156,1.6499598,1.5243057,1.4487277,1.3982972,1.3696376,1.3723434,1.4255421,1.5204366,1.619293,1.7199745,1.818861,1.8975787,1.9667226,2.0146487,2.0594828,2.088757,2.1083918,2.1171174,2.0935323,2.0333114,1.9679071,1.9339025,1.889939,1.7579331,2011-06-06 04:00:00+00:00
157,1.7463223,1.6173692,1.534069,1.4814397,1.4483285,1.4501915,1.5006878,1.5796691,1.6779319,1.7926567,1.9092337,2.0113072,2.09791,2.1632872,2.2227545,2.2631328,2.295239,2.3191934,2.3131766,2.2628841,2.1848702,2.1392276,2.1019964,1.9677902,2011-06-07 04:00:00+00:00
158,1.6789355,1.556068,1.4778606,1.4302686,1.4012222,1.4041184,1.4549453,1.532014,1.6336954,1.747802,1.8645949,1.9673831,2.056491,2.1213875,2.180715,2.2213871,2.2564604,2.28381,2.2836986,2.2385387,2.1681964,2.127825,2.0946875,1.9632598,2011-06-08 04:00:00+00:00
159,1.9784427,1.828274,1.7286099,1.6658176,1.6226401,1.6227574,1.6842756,1.7916434,1.9074143,2.0242527,2.1412246,2.2486773,2.3344758,2.4031696,2.458644,2.4956646,2.5151186,2.5302167,2.521731,2.46028,2.363555,2.2947571,2.2300744,2.0774794,2011-06-09 04:00:00+00:00
160,1.9001952,1.7536867,1.6607684,1.5991409,1.5593383,1.5556136,1.6070247,1.6987414,1.8004586,1.9099318,2.0123525,2.0983865,2.1705418,2.2181354,2.259868,2.2847764,2.2955177,2.2926798,2.2593756,2.1984599,2.1124382,2.060358,2.011581,1.877965,2011-06-10 04:00:00+00:00
161,1.7906817,1.6604931,1.5733415,1.5157939,1.4763219,1.4616498,1.4810345,1.5120615,1.5771428,1.6778457,1.7890075,1.878597,1.9526045,2.0015957,2.0346384,2.0590668,2.0761538,2.090189,2.0899205,2.0563734,1.9964546,1.959682,1.9255294,1.8204242,2011-06-11 04:00:00+00:00
162,1.5951356,1.4817858,1.410172,1.3612256,1.3298745,1.3185877,1.334414,1.3624477,1.4071596,1.4891744,1.5760638,1.636519,1.6764295,1.7007045,1.7128382,1.7190952,1.7233468,1.7279954,1.7173575,1.6839762,1.6542916,1.6534424,1.6296775,1.545576,2011-06-12 04:00:00+00:00
163,1.4519235,1.3496194,1.2928336,1.255122,1.2380574,1.2440727,1.2938886,1.3840129,1.460725,1.5341976,1.5995486,1.6398149,1.6692113,1.6815308,1.6959393,1.6981919,1.6984864,1.6915612,1.6612589,1.6179147,1.5960399,1.5980728,1.5682855,1.4673445,2011-06-13 04:00:00+00:00
164,1.4263089,1.3350515,1.2831616,1.250565,1.2375321,1.2545339,1.3233004,1.4343475,1.522531,1.5968906,1.6588644,1.7106183,1.7422403,1.7617,1.7833121,1.7897885,1.794503,1.7936307,1.7695785,1.7278283,1.7001454,1.6994057,1.6704733,1.559361,2011-06-14 04:00:00+00:00
165,1.4101427,1.3213613,1.2712908,1.24086,1.230386,1.2489911,1.3217847,1.4382495,1.5344809,1.6102179,1.675019,1.7301645,1.7672473,1.7909775,1.8164878,1.8269621,1.8343806,1.8369695,1.8194218,1.780441,1.7531347,1.7502213,1.7171887,1.6001321,2011-06-15 04:00:00+00:00
166,1.4127083,1.3160981,1.2626966,1.2274051,1.2127433,1.2252247,1.2831686,1.3790989,1.4654725,1.5465975,1.6193261,1.67293,1.7163829,1.7390745,1.7660975,1.7775571,1.7893977,1.7901567,1.7608241,1.7151194,1.6804698,1.6765954,1.6525171,1.5425808,2011-06-16 04:00:00+00:00
167,1.4595523,1.3543411,1.2957673,1.2575065,1.2401726,1.2501268,1.3053973,1.3956325,1.4876902,1.5801363,1.6665787,1.7307758,1.7883468,1.821834,1.8606082,1.8820862,1.9019657,1.9092067,1.8819696,1.8312187,1.7843302,1.7712114,1.7477524,1.6320201,2011-06-17 04:00:00+00:00
168,1.5100777,1.4032042,1.3339958,1.2888008,1.2601591,1.2516186,1.2672892,1.2871633,1.3425968,1.4385827,1.5474014,1.6324155,1.71062,1.7604109,1.7991438,1.827325,1.855876,1.8787616,1.8789301,1.848069,1.8086871,1.7950544,1.7793308,1.6835438,2011-06-18 04:00:00+00:00
169,1.5365626,1.4258482,1.3543845,1.3058442,1.275099,1.2643048,1.2785721,1.2993705,1.3539202,1.4497731,1.5597173,1.6428838,1.7200446,1.7703128,1.8082576,1.835801,1.8613851,1.8812498,1.8760909,1.8388479,1.7973727,1.7827361,1.7646389,1.6670178,2011-06-19 04:00:00+00:00
170,1.6294764,1.5096365,1.4346719,1.3878891,1.3601123,1.3658996,1.4214737,1.5113063,1.6123013,1.72134,1.8315989,1.9254282,2.0055466,2.0671694,2.123857,2.1620312,2.1915174,2.212912,2.199632,2.145222,2.079607,2.046395,2.0101485,1.8766772,2011-06-20 04:00:00+00:00
171,1.7371211,1.6079533,1.5271025,1.475942,1.4448941,1.4486032,1.5029733,1.5903854,1.6934118,1.8035489,1.9137257,2.0080366,2.0887632,2.1468072,2.2008975,2.2359724,2.2630184,2.2822437,2.273664,2.22259,2.147459,2.102636,2.0632987,1.9294817,2011-06-21 04:00:00+00:00
172,1.9335859,1.787342,1.691289,1.6306744,1.5896862,1.5894436,1.6488881,1.7522583,1.8659787,1.9800738,2.0955353,2.2003207,2.2845366,2.3508358,2.4044933,2.4403749,2.4602375,2.4771392,2.473229,2.4145248,2.32268,2.2573059,2.1952252,2.045864,2011-06-22 04:00:00+00:00
173,1.8498775,1.7105197,1.6237274,1.5670012,1.5313675,1.5319592,1.5901532,1.6941253,1.7985041,1.8983848,1.9915713,2.068894,2.1301894,2.1705618,2.2067623,2.2277129,2.23535,2.2342267,2.2104526,2.151868,2.0726256,2.0228283,1.968997,1.8357626,2011-06-23 04:00:00+00:00
174,1.6389107,1.5150431,1.4453342,1.3977044,1.3725314,1.3743807,1.4258971,1.5198512,1.6093336,1.6969951,1.7740377,1.8261256,1.8696388,1.8893803,1.9141401,1.9244282,1.9293869,1.9215807,1.8859817,1.83094,1.7769489,1.7550311,1.7178558,1.6044033,2011-06-24 04:00:00+00:00
175,1.445379,1.3444331,1.2827212,1.2410152,1.2157965,1.2074763,1.2186512,1.2347448,1.2767527,1.3592638,1.451597,1.5134983,1.5669484,1.5956844,1.6154065,1.6279743,1.6447855,1.6584274,1.6535339,1.6257594,1.6038789,1.6070459,1.5953726,1.5145042,2011-06-25 04:00:00+00:00
176,1.3699237,1.279385,1.2249014,1.1876111,1.1655205,1.1601913,1.1740681,1.1925073,1.2306374,1.3061641,1.3922156,1.4537153,1.5084224,1.5412171,1.5634689,1.5796181,1.5995753,1.617173,1.6240766,1.6052432,1.5928001,1.5977604,1.5837934,1.5006307,2011-06-26 04:00:00+00:00
177,1.477223,1.3778852,1.3176898,1.2815878,1.2647442,1.277385,1.3404064,1.4422771,1.5439812,1.6414133,1.7372314,1.8168311,1.8808463,1.9299626,1.9754363,2.0043252,2.0293987,2.0492263,2.0421977,1.9977686,1.9501914,1.9303763,1.8958675,1.7664615,2011-06-27 04:00:00+00:00
178,1.660404,1.5371017,1.4631342,1.4148272,1.3879546,1.394651,1.4525597,1.5513688,1.6528788,1.7530239,1.8512019,1.9297626,1.9971222,2.0436914,2.089602,2.118321,2.1395667,2.1523705,2.1362057,2.0811317,2.0150976,1.978616,1.9356833,1.8035096,2011-06-28 04:00:00+00:00
179,1.7155348,1.5848962,1.5078613,1.4558508,1.4265087,1.4294213,1.48441,1.5828155,1.6808091,1.7798847,1.8704883,1.9401891,1.9996444,2.0358899,2.0742908,2.0957587,2.1084218,2.106751,2.0714858,2.0117307,1.9428985,1.9081237,1.8667396,1.7400558,2011-06-29 04:00:00+00:00
180,1.6270574,1.5079,1.4357172,1.3889048,1.3625673,1.3674134,1.4177587,1.4976726,1.5901937,1.6935571,1.7948896,1.8768263,1.9484956,1.9960393,2.04558,2.0772471,2.104019,2.1199632,2.1051998,2.056486,1.9918544,1.9585738,1.9288828,1.8056761,2011-06-30 04:00:00+00:00
181,1.6384948,1.5186877,1.4446095,1.397237,1.3695085,1.3734885,1.4232118,1.5017622,1.5948433,1.7002879,1.8063135,1.893997,1.9703321,2.0238774,2.0758572,2.110166,2.139012,2.1583023,2.1479433,2.0989792,2.0335069,1.9991417,1.9669793,1.8413243,2011-07-01 04:00:00+00:00
182,1.6296937,1.5110642,1.4307791,1.3782706,1.3427291,1.3297384,1.3442872,1.3614028,1.4221078,1.5315828,1.6558568,1.7599297,1.853411,1.9196762,1.9705648,2.0095878,2.044979,2.0721936,2.0716953,2.0349345,1.9792627,1.9534025,1.9341909,1.8280069,2011-07-02 04:00:00+00:00
183,1.7069683,1.5833346,1.4979789,1.4433191,1.4052175,1.394657,1.4188793,1.4534466,1.5249597,1.6374152,1.7656673,1.8754854,1.9701382,2.0438302,2.0993652,2.141489,2.1755283,2.2061822,2.2123404,2.1710715,2.106985,2.0714638,2.041474,1.9235551,2011-07-03 04:00:00+00:00
184,1.7526768,1.6220487,1.5351981,1.4775431,1.4400566,1.4311236,1.4607034,1.5096997,1.5910616,1.7032633,1.8276861,1.9297314,2.0218382,2.089303,2.1425686,2.1820588,2.2134314,2.237323,2.2342353,2.1877973,2.1165283,2.0746365,2.0378418,1.9120761,2011-07-04 04:00:00+00:00
185,1.5988818,1.4794998,1.4053131,1.357552,1.3289154,1.3311443,1.378902,1.4554602,1.5476501,1.657106,1.7671554,1.8588061,1.938997,1.9979132,2.0530999,2.0906296,2.1201758,2.1378508,2.1158452,2.059436,1.9955659,1.9673965,1.9388597,1.8126875,2011-07-05 04:00:00+00:00
186,1.8171936,1.6810954,1.5915573,1.5351402,1.4983432,1.4990526,1.5518422,1.6367512,1.7424499,1.8623599,1.9860464,2.096332,2.189465,2.2629182,2.325479,2.3684473,2.4001093,2.4250722,2.4201055,2.3655515,2.2805624,2.2277381,2.1829834,2.0403764,2011-07-06 04:00:00+00:00
187,1.9213215,1.7767068,1.6813362,1.6203951,1.5791383,1.5767276,1.6305866,1.7235491,1.8303922,1.9426174,2.0567825,2.1587934,2.2415946,2.3048682,2.3551402,2.3889112,2.407843,2.4222958,2.416556,2.360473,2.2715707,2.209552,2.1511388,2.007874,2011-07-07 04:00:00+00:00
188,1.8679123,1.7251505,1.6333336,1.5733663,1.5346625,1.533785,1.5855424,1.6746422,1.7784958,1.8932754,2.005962,2.1021676,2.185017,2.2439713,2.296555,2.3300042,2.3504853,2.3588057,2.3338215,2.2748451,2.1876702,2.1326518,2.0859447,1.9475276,2011-07-08 04:00:00+00:00
189,1.6310927,1.5121386,1.4331768,1.3811278,1.3469521,1.3338455,1.34569,1.3594717,1.4186566,1.5261496,1.6468532,1.745642,1.8354317,1.8947386,1.9417533,1.9783727,2.0131469,2.0413926,2.0469198,2.0165775,1.9619901,1.9324834,1.9148331,1.8115611,2011-07-09 04:00:00+00:00
190,1.7161785,1.5917699,1.504676,1.4489888,1.409826,1.3966151,1.4157262,1.4406824,1.5092757,1.6236582,1.756126,1.8700769,1.9695624,2.0457199,2.1021023,2.1457775,2.1827457,2.2159994,2.2272477,2.1897717,2.125145,2.0878525,2.0593777,1.9435005,2011-07-10 04:00:00+00:00
191,1.8418452,1.7036349,1.6111507,1.5525198,1.5136933,1.5135369,1.5655446,1.6519101,1.7581959,1.8790643,2.0066192,2.119696,2.2149234,2.2925696,2.355928,2.4006662,2.432234,2.4584403,2.4546065,2.3976135,2.3110235,2.2556338,2.2051177,2.0585206,2011-07-11 04:00:00+00:00
192,1.8221949,1.6826323,1.5944089,1.5373119,1.5007417,1.4999052,1.5534074,1.6443759,1.74923,1.8613672,1.9691931,2.0622683,2.14124,2.1966655,2.2465103,2.277693,2.2962224,2.3038108,2.2807503,2.2215044,2.1385531,2.0875516,2.0425704,1.9064592,2011-07-12 04:00:00+00:00
193,1.8833126,1.7396885,1.6484965,1.589413,1.5516884,1.5538498,1.6145396,1.722707,1.8342623,1.9441509,2.0501492,2.141613,2.217359,2.272546,2.3217614,2.3526926,2.368864,2.375499,2.3535209,2.2911615,2.203289,2.1455078,2.0885634,1.9439683,2011-07-13 04:00:00+00:00
194,1.716562,1.586116,1.5064319,1.4526188,1.4210922,1.419889,1.4636765,1.5376078,1.6305205,1.7368722,1.8422614,1.9252069,2.0015707,2.0490482,2.0955868,2.1243749,2.1467762,2.15508,2.1309218,2.0782537,2.0071785,1.9679003,1.9344941,1.8098902,2011-07-14 04:00:00+00:00
195,1.7200681,1.5927255,1.5121154,1.4608092,1.429698,1.4330736,1.4857974,1.5705268,1.6713126,1.783034,1.8963516,1.9932611,2.0765052,2.1381834,2.195219,2.2334728,2.2636108,2.2854152,2.2779622,2.226185,2.151091,2.1073573,2.0686786,1.9338801,2011-07-15 04:00:00+00:00
196,1.662203,1.5397489,1.4580296,1.4036629,1.3674762,1.3543576,1.370647,1.3928244,1.4566602,1.5661486,1.6889701,1.7900636,1.8815323,1.9454027,1.995033,2.0326252,2.0655403,2.0894911,2.085781,2.0465593,1.987635,1.9580317,1.9360173,1.8272337,2011-07-16 04:00:00+00:00
197,1.7574422,1.628222,1.5392425,1.4815552,1.4416932,1.4301435,1.4544692,1.4900354,1.5656207,1.6817061,1.8132873,1.9266376,2.0255497,2.1012783,2.1588297,2.2026417,2.2382205,2.2688546,2.2754774,2.2338607,2.1634834,2.1209779,2.088062,1.9659401,2011-07-17 04:00:00+00:00
198,1.8893913,1.748137,1.6531696,1.5931458,1.5527258,1.5521199,1.6047995,1.6917664,1.8005364,1.9215041,2.0501409,2.1650162,2.2611792,2.3392873,2.4019532,2.4459481,2.4764004,2.5036488,2.505475,2.450945,2.3611298,2.2998197,2.2463365,2.0982172,2011-07-18 04:00:00+00:00
199,1.8753871,1.7330636,1.6386747,1.5788412,1.538717,1.5364473,1.5856924,1.6632289,1.7691114,1.8941822,2.0220563,2.1370738,2.23583,2.3115134,2.3755498,2.418702,2.4497273,2.4719932,2.462236,2.407944,2.3169868,2.2591133,2.216916,2.0750394,2011-07-19 04:00:00+00:00
200,1.9616436,1.8132597,1.7122489,1.6498286,1.6064117,1.6053458,1.6599925,1.7467533,1.8620366,1.994081,2.1313474,2.2593904,2.3672128,2.4548876,2.5270529,2.5768576,2.6118233,2.6417742,2.6431708,2.5882006,2.4870348,2.4175365,2.3665419,2.2132146,2011-07-20 04:00:00+00:00
201,2.0570514,1.8974807,1.7877731,1.7183889,1.6687548,1.661433,1.7096672,1.7893317,1.9076513,2.046602,2.1943007,2.332448,2.451986,2.5476513,2.6211038,2.672919,2.7076473,2.7365875,2.7377963,2.680526,2.5724502,2.4945242,2.4372644,2.2790847,2011-07-21 04:00:00+00:00
202,2.1036904,1.9398733,1.828378,1.7567849,1.7060075,1.6998547,1.7539139,1.8476739,1.9668479,2.0985703,2.2327142,2.3564994,2.461814,2.5439422,2.6088529,2.6529381,2.6772475,2.6930552,2.680213,2.617027,2.5050817,2.4231026,2.359927,2.2014666,2011-07-22 04:00:00+00:00
203,1.9832336,1.8298138,1.7234948,1.6522301,1.6005032,1.5758399,1.589114,1.6100194,1.6800392,1.8027323,1.9337529,2.0465813,2.1425314,2.211023,2.2555027,2.2890606,2.3089042,2.3182259,2.2981205,2.253031,2.1700625,2.120054,2.0865283,1.9716381,2011-07-23 04:00:00+00:00
204,1.9714186,1.823994,1.7196409,1.6509681,1.6011078,1.582991,1.6036489,1.6346247,1.7163669,1.8398333,1.9815269,2.1059325,2.215069,2.2976687,2.355331,2.3991513,2.4315126,2.460975,2.4738054,2.4333644,2.3444238,2.2798376,2.23595,2.1059277,2011-07-24 04:00:00+00:00
205,1.9289194,1.7835852,1.6860838,1.6242156,1.5823436,1.5809964,1.633424,1.7204403,1.8301845,1.9528943,2.0812457,2.195078,2.2917526,2.3679597,2.4305916,2.4732847,2.5017781,2.5250254,2.5211792,2.4661372,2.3718448,2.3057692,2.253139,2.105164,2011-07-25 04:00:00+00:00
206,1.8278275,1.6871855,1.5987316,1.5405481,1.5042999,1.5037916,1.5561502,1.6473489,1.7520013,1.8649033,1.974407,2.0661037,2.1463041,2.201543,2.2526364,2.2843673,2.3041139,2.3108573,2.2838957,2.223704,2.1393232,2.087986,2.0433757,1.9060637,2011-07-26 04:00:00+00:00
207,1.8787962,1.7359614,1.6420373,1.581859,1.5419633,1.5404141,1.5915453,1.6759647,1.7826612,1.9034731,2.0268192,2.1363466,2.2298021,2.3008149,2.360515,2.400269,2.4274113,2.4458,2.433505,2.3769445,2.2876647,2.229793,2.1821842,2.0394804,2011-07-27 04:00:00+00:00
208,1.887803,1.7466681,1.6515528,1.5925423,1.5523248,1.5508964,1.6011257,1.6795275,1.7875011,1.9128685,2.0446231,2.1652431,2.2674317,2.3480537,2.4144425,2.460597,2.4950433,2.525215,2.5311904,2.48127,2.3898184,2.328203,2.281499,2.1365123,2011-07-28 04:00:00+00:00
209,1.9201691,1.7736787,1.6761253,1.6141475,1.5723417,1.5709368,1.6250095,1.7149644,1.8268976,1.9513831,2.079007,2.1941657,2.291271,2.3678377,2.4308743,2.4734163,2.5011642,2.5213804,2.5103207,2.4512615,2.3568606,2.2939162,2.2421687,2.093413,2011-07-29 04:00:00+00:00
210,1.8549088,1.7131755,1.6177303,1.5530567,1.5087717,1.4922072,1.511055,1.5408434,1.613802,1.7335176,1.8623766,1.9712257,2.0688982,2.1371567,2.1894543,2.2273688,2.2555273,2.2714334,2.2555878,2.2100794,2.1319623,2.085277,2.0549011,1.9359466,2011-07-30 04:00:00+00:00
211,1.8231877,1.6871829,1.5914515,1.5282632,1.4834962,1.4648434,1.4780264,1.4946101,1.56387,1.6858935,1.8252457,1.9454076,2.0523555,2.1321666,2.1899874,2.2349668,2.2713094,2.3010592,2.306287,2.267222,2.1913338,2.1440065,2.114194,1.9948739,2011-07-31 04:00:00+00:00
212,1.8971208,1.754908,1.6572734,1.5964109,1.5546367,1.5537264,1.6067224,1.6929919,1.8030652,1.9311963,2.067565,2.1922395,2.2960436,2.3837616,2.4539576,2.5042367,2.53951,2.5710783,2.5732446,2.5161154,2.4222062,2.3602126,2.3074205,2.1550055,2011-08-01 04:00:00+00:00
213,1.9674926,1.8165829,1.7165396,1.652378,1.6084669,1.6047267,1.6585402,1.7517092,1.8633155,1.9829285,2.1037793,2.2131472,2.3042316,2.3738978,2.4298306,2.4673023,2.4884841,2.5028687,2.4924035,2.432502,2.335902,2.268374,2.2099261,2.0615187,2011-08-02 04:00:00+00:00
214,1.9963671,1.8436126,1.7406782,1.6750947,1.6294472,1.6251335,1.6770144,1.7640015,1.8755547,2.0009332,2.1294968,2.2469804,2.3459806,2.4227216,2.4842067,2.5254943,2.550744,2.5690298,2.560389,2.5028632,2.4030044,2.3324997,2.2765253,2.1270852,2011-08-03 04:00:00+00:00
215,1.8606929,1.7201567,1.6281979,1.5707464,1.5330164,1.5332959,1.5862441,1.6696161,1.7778748,1.9006013,2.023922,2.1348596,2.2298007,2.300866,2.3640614,2.4057918,2.4357622,2.4578,2.4499278,2.3973737,2.3075333,2.2495823,2.2082434,2.0672848,2011-08-04 04:00:00+00:00
216,1.9594265,1.8093457,1.7090153,1.6454571,1.6018469,1.5987116,1.6518316,1.7404919,1.8541155,1.9797436,2.109041,2.227525,2.3273802,2.4055347,2.4683647,2.5110228,2.5382051,2.5591152,2.5525208,2.4947128,2.3974419,2.330459,2.27584,2.1257472,2011-08-05 04:00:00+00:00
217,1.944267,1.7968749,1.6938186,1.6255884,1.5765076,1.5576808,1.576602,1.6055318,1.6844634,1.8078418,1.9463897,2.0681107,2.1756825,2.2549722,2.3113742,2.3537364,2.3848207,2.4093404,2.4117064,2.3689027,2.2821352,2.2223146,2.1824548,2.0558891,2011-08-06 04:00:00+00:00
218,1.862707,1.7235688,1.6268544,1.56262,1.5174456,1.5001643,1.5184643,1.5464138,1.619679,1.7367016,1.8684378,1.9801865,2.0785031,2.1501713,2.201467,2.240528,2.2688556,2.2907534,2.2898154,2.2477822,2.1705747,2.1205919,2.0854814,1.9652393,2011-08-07 04:00:00+00:00
219,1.8943638,1.749882,1.6553895,1.5947516,1.5547221,1.553845,1.6089005,1.7042738,1.8148015,1.9320168,2.0509398,2.1556962,2.2437754,2.3115149,2.3680444,2.405731,2.4285185,2.4443178,2.4322333,2.372458,2.2821302,2.2211027,2.1662617,2.0194895,2011-08-08 04:00:00+00:00
220,1.8257183,1.686921,1.6006227,1.5439839,1.5089655,1.5105959,1.5664165,1.6640271,1.7686919,1.8756486,1.9774361,2.0618675,2.1339912,2.181981,2.2277355,2.2550204,2.2705107,2.2740545,2.2475262,2.1890383,2.107582,2.0567544,2.0094342,1.8744174,2011-08-09 04:00:00+00:00
221,1.7633952,1.6293504,1.5491747,1.4954162,1.4641755,1.4663609,1.5217772,1.6208887,1.7211262,1.8212438,1.9133557,1.9854391,2.0462897,2.0833488,2.121509,2.1423588,2.1534479,2.1512504,2.1184535,2.0600026,1.9876809,1.9476113,1.9032719,1.7751037,2011-08-10 04:00:00+00:00
222,1.604541,1.4830319,1.4146143,1.3670119,1.3427591,1.3471619,1.3964586,1.4831777,1.5725635,1.6671983,1.7558954,1.8190086,1.8766098,1.9078718,1.9452122,1.9656821,1.9827535,1.9842393,1.951267,1.8973813,1.8405129,1.8163357,1.7837927,1.6661212,2011-08-11 04:00:00+00:00
223,1.4991548,1.3877139,1.3246169,1.2819338,1.2603874,1.2660257,1.3136771,1.3913842,1.479229,1.5762135,1.6703326,1.7410107,1.8073691,1.8460306,1.8896505,1.9165381,1.9420179,1.9521334,1.9260942,1.8739889,1.8221794,1.8032796,1.7791862,1.6634117,2011-08-12 04:00:00+00:00
224,1.5580212,1.4463646,1.3733789,1.3243921,1.2926105,1.2810597,1.2940292,1.3123181,1.3678157,1.4648795,1.5781753,1.665643,1.7470818,1.8005828,1.8395375,1.8681183,1.8950456,1.9171784,1.9179002,1.884495,1.8426391,1.8233895,1.8012316,1.7026967,2011-08-13 04:00:00+00:00
225,1.5683947,1.454769,1.381079,1.3302512,1.2981303,1.2860748,1.3006688,1.3268104,1.3787357,1.471041,1.5761892,1.6557059,1.7241333,1.7707006,1.8016196,1.8242168,1.8423817,1.8571244,1.8503395,1.8122203,1.7741784,1.7616525,1.7348311,1.6371995,2011-08-14 04:00:00+00:00
226,1.5459858,1.4337281,1.3674233,1.3245938,1.3024721,1.3103951,1.3653963,1.4565601,1.5522331,1.652138,1.7502742,1.8272719,1.8942325,1.9413568,1.9889717,2.01864,2.042218,2.0571237,2.0396605,1.9871492,1.930146,1.9056144,1.8743936,1.7488021,2011-08-15 04:00:00+00:00
227,1.5964737,1.4807616,1.4126396,1.3689471,1.3461933,1.3551087,1.4126284,1.5062094,1.6038207,1.7035984,1.7997606,1.8765802,1.9423206,1.9867113,2.034707,2.0643163,2.0893173,2.105174,2.092702,2.0428123,1.9804662,1.9490428,1.9161745,1.7899947,2011-08-16 04:00:00+00:00
228,1.6877129,1.5611969,1.4835769,1.4330013,1.4036386,1.4078541,1.4613397,1.5505122,1.6508042,1.7589945,1.8666596,1.9558384,2.0340128,2.0895703,2.1431947,2.1782877,2.2055714,2.2218616,2.2052546,2.1502748,2.0789022,2.0395856,2.0008974,1.8676625,2011-08-17 04:00:00+00:00
229,1.7417107,1.6118053,1.53046,1.4778807,1.4457384,1.4479009,1.5009549,1.591335,1.6920611,1.7972636,1.9040725,1.99331,2.068988,2.1233647,2.1718016,2.2034981,2.2259567,2.2414713,2.2319942,2.17867,2.1063154,2.061612,2.014812,1.8807309,2011-08-18 04:00:00+00:00
230,1.7269315,1.5958903,1.5157163,1.462058,1.4306481,1.4326048,1.4832208,1.5718985,1.6697419,1.775505,1.8796278,1.9629891,2.0371194,2.0868595,2.1349006,2.1652853,2.186922,2.1956747,2.1711562,2.1140335,2.0412145,2.00005,1.9579914,1.8263252,2011-08-19 04:00:00+00:00
231,1.5116332,1.4000026,1.3306038,1.2829854,1.2535477,1.2414503,1.2508624,1.264725,1.3189893,1.4158416,1.5259082,1.6074214,1.6882104,1.7345533,1.7717295,1.7996532,1.8288196,1.8472102,1.8403959,1.8071218,1.768219,1.7526734,1.7375576,1.6432531,2011-08-20 04:00:00+00:00
232,1.5659934,1.4531348,1.3807403,1.3308554,1.2998135,1.2899572,1.3081328,1.3401434,1.3938208,1.4850105,1.5874969,1.664736,1.7294586,1.7740922,1.8043367,1.8258077,1.8427083,1.8571367,1.8499098,1.8106968,1.7725037,1.7608213,1.7334849,1.6350507,2011-08-21 04:00:00+00:00
233,1.5383085,1.4228988,1.359117,1.3141861,1.2934538,1.2995852,1.3511864,1.4459213,1.5349118,1.6252314,1.71014,1.7669151,1.818411,1.847992,1.8819222,1.9010168,1.9154421,1.9176086,1.8857373,1.8288915,1.7785889,1.7614422,1.7266344,1.6067466,2011-08-22 04:00:00+00:00
234,1.4225194,1.3188119,1.263182,1.2252637,1.2086378,1.2168612,1.2657576,1.3469986,1.4315991,1.5197655,1.6027304,1.6595368,1.7143238,1.7410349,1.7755749,1.794361,1.8143394,1.8194758,1.7914075,1.7429976,1.7020699,1.6923938,1.6707739,1.5614368,2011-08-23 04:00:00+00:00
235,1.5812987,1.466622,1.3977376,1.3551984,1.3323908,1.340507,1.3978063,1.490022,1.5942457,1.6992457,1.8049716,1.8946927,1.9735951,2.0295,2.0832748,2.1184494,2.1497345,2.1725886,2.1683788,2.122355,2.0627232,2.0300312,1.992251,1.8606685,2011-08-24 04:00:00+00:00
236,1.6314118,1.5086231,1.4365236,1.3888053,1.3633533,1.370959,1.4297333,1.5319533,1.6358905,1.7364452,1.8350441,1.9129558,1.9820818,2.0290747,2.0766547,2.1065824,2.1294105,2.141541,2.1215537,2.0637426,1.999438,1.9651399,1.9219593,1.7880386,2011-08-25 04:00:00+00:00
237,1.6541672,1.5264663,1.4523537,1.4016228,1.374259,1.377134,1.4290774,1.5221055,1.6209795,1.7236232,1.8205968,1.8945453,1.9632118,2.0054088,2.0503755,2.077408,2.0971048,2.1006386,2.0673594,2.0071635,1.93995,1.906368,1.868963,1.7401217,2011-08-26 04:00:00+00:00
238,1.6139097,1.4957191,1.4207228,1.3692209,1.33689,1.3253701,1.3410491,1.3658938,1.4261549,1.5248903,1.6357454,1.719722,1.797789,1.846295,1.8844904,1.912137,1.9380515,1.956711,1.9534804,1.9178467,1.869083,1.8448875,1.8213224,1.7196659,2011-08-27 04:00:00+00:00
239,1.5502992,1.4378321,1.3675176,1.3181376,1.2881274,1.2778045,1.2941635,1.3238871,1.3744807,1.4633067,1.5614616,1.6318343,1.6908582,1.7285405,1.7544957,1.7719111,1.7866737,1.7971382,1.7851223,1.746537,1.7115448,1.705271,1.6815953,1.5879732,2011-08-28 04:00:00+00:00
240,1.4502889,1.345706,1.2889198,1.249537,1.2333713,1.2427105,1.2959391,1.3938383,1.480935,1.5667415,1.6475757,1.7017932,1.7507237,1.7788631,1.8105177,1.8268493,1.8407757,1.8441916,1.8148776,1.7625275,1.7215223,1.7099993,1.6780748,1.5608368,2011-08-29 04:00:00+00:00
241,1.3986392,1.3006976,1.2472206,1.2115438,1.1964576,1.2073985,1.2610862,1.3494079,1.4366338,1.5245023,1.6068609,1.6663768,1.7210199,1.7503028,1.7855889,1.8048034,1.8255236,1.8326403,1.8068731,1.7622111,1.7234241,1.7155807,1.6937374,1.5815017,2011-08-30 04:00:00+00:00
242,1.4834503,1.3767177,1.3155059,1.2757742,1.2568035,1.2663243,1.3220488,1.414393,1.5107554,1.6066178,1.7010286,1.7746949,1.840514,1.883613,1.927381,1.9544556,1.9790043,1.992196,1.9740529,1.9250238,1.8770036,1.8568013,1.8233101,1.6998693,2011-08-31 04:00:00+00:00
243,1.7182254,1.5910883,1.509086,1.4585683,1.4268445,1.4310588,1.4869988,1.5758328,1.6802038,1.7969166,1.9163567,2.0235043,2.1128457,2.1843662,2.2479973,2.2920644,2.3263683,2.3535073,2.3480334,2.2943442,2.218625,2.1758652,2.1353526,1.995709,2011-09-01 04:00:00+00:00
244,1.7818794,1.6489838,1.5610617,1.5078691,1.472943,1.4753355,1.530982,1.6174763,1.727608,1.852381,1.9810466,2.099968,2.1993876,2.2799234,2.349144,2.3977387,2.4349718,2.4662316,2.4658575,2.4126027,2.3289618,2.27894,2.2372851,2.0925014,2011-09-02 04:00:00+00:00
245,1.9320174,1.7861607,1.6851081,1.6188678,1.5714545,1.5558113,1.583616,1.63075,1.7155923,1.8337992,1.9652624,2.0825875,2.181735,2.2576296,2.3106499,2.3509574,2.3778586,2.4012651,2.4072747,2.3600028,2.2748647,2.215324,2.1663003,2.034264,2011-09-03 04:00:00+00:00
246,1.8731649,1.731486,1.6366997,1.5715646,1.5265734,1.507584,1.5298908,1.5758274,1.6420759,1.7423432,1.845471,1.9253759,1.9854416,2.027491,2.050849,2.0670109,2.0720897,2.0707924,2.0525422,2.0041974,1.937319,1.9037869,1.860409,1.7487103,2011-09-04 04:00:00+00:00
247,1.5380094,1.4258269,1.361234,1.3152798,1.2897208,1.282107,1.3089,1.3648934,1.4245672,1.5008466,1.5738388,1.6124561,1.6439518,1.6525009,1.6598177,1.6595205,1.6591164,1.6495614,1.6238415,1.58605,1.560297,1.5586371,1.5306132,1.4390519,2011-09-05 04:00:00+00:00
248,1.338378,1.252575,1.2091916,1.1793741,1.1713471,1.1854815,1.245795,1.3547628,1.4389786,1.5038537,1.5618545,1.6007471,1.6330831,1.6463885,1.6622148,1.667045,1.6720827,1.6700476,1.6488333,1.6144085,1.6042081,1.6026692,1.5680594,1.460101,2011-09-06 04:00:00+00:00
249,1.3642126,1.2762947,1.2309846,1.2021216,1.1941231,1.2128658,1.2834405,1.4008989,1.4963168,1.5676357,1.6278151,1.6747127,1.710516,1.728184,1.7517248,1.7611492,1.7692902,1.7697492,1.74927,1.7110219,1.6897907,1.6889,1.6557477,1.5411203,2011-09-07 04:00:00+00:00
250,1.4292271,1.332055,1.2785679,1.2445524,1.2312922,1.2464983,1.3140864,1.428762,1.5255873,1.6074907,1.6810998,1.7396004,1.7847104,1.8134509,1.843933,1.8593208,1.8715156,1.8744607,1.8506263,1.8047884,1.7713296,1.7603161,1.7233315,1.6027935,2011-09-08 04:00:00+00:00
251,1.5205591,1.4068141,1.3446419,1.3023729,1.2836034,1.2939919,1.353756,1.459884,1.5602893,1.6518297,1.7380178,1.800632,1.858054,1.8919809,1.9312288,1.9537991,1.9717222,1.9778278,1.9519423,1.8955221,1.8435371,1.8203936,1.7817065,1.6550319,2011-09-09 04:00:00+00:00
252,1.4389786,1.3342208,1.2728506,1.2287923,1.2041305,1.1943722,1.2045195,1.2238514,1.2692016,1.3525416,1.4459467,1.506016,1.5641373,1.5920302,1.6137328,1.6277586,1.6458843,1.6558834,1.6439794,1.6116977,1.5875869,1.5869596,1.5714458,1.4869668,2011-09-10 04:00:00+00:00
253,1.4141998,1.3164176,1.2573835,1.2163607,1.192059,1.184919,1.1974033,1.2176696,1.2594808,1.3398474,1.4300363,1.490452,1.54382,1.5736167,1.5937957,1.6069793,1.6240354,1.6363336,1.629194,1.6003919,1.5821005,1.5857439,1.5710213,1.4871154,2011-09-11 04:00:00+00:00
254,1.4837149,1.3819636,1.3219349,1.2847202,1.2676463,1.280082,1.3418553,1.4442027,1.5429504,1.6380272,1.7307507,1.8053732,1.8666425,1.911644,1.9553862,1.9820594,2.0044923,2.020763,2.009201,1.9626298,1.9148884,1.8952527,1.861211,1.7344049,2011-09-12 04:00:00+00:00
255,1.6212993,1.5015137,1.4311332,1.3856478,1.3616724,1.3706795,1.431139,1.5332923,1.6378298,1.7366741,1.8342535,1.9130993,1.9814417,2.0279064,2.0744548,2.103517,2.1266384,2.1419005,2.1310298,2.0789218,2.0174465,1.9822528,1.9382776,1.8057477,2011-09-13 04:00:00+00:00
256,1.6838496,1.5593752,1.4885573,1.442361,1.4160639,1.4207962,1.4834745,1.6028816,1.6992099,1.7759588,1.8412533,1.8857322,1.9156795,1.9309826,1.9479873,1.950376,1.944059,1.9337052,1.9107671,1.8593347,1.8124807,1.7853656,1.7291476,1.6087708,2011-09-14 04:00:00+00:00
257,1.5223005,1.414602,1.3579978,1.3187008,1.3004382,1.3027217,1.3489819,1.440409,1.5145274,1.576675,1.6298224,1.6497703,1.6640937,1.6587995,1.6605552,1.6487911,1.6387864,1.6233463,1.5994039,1.5679154,1.5517561,1.5510371,1.5165191,1.4254228,2011-09-15 04:00:00+00:00
258,1.43424,1.3495711,1.3006551,1.2741729,1.2629306,1.2837057,1.3612945,1.493764,1.5811324,1.632516,1.6673481,1.7004199,1.7051824,1.707154,1.709324,1.6996405,1.6821395,1.6714748,1.6571277,1.6324558,1.6350522,1.6408796,1.6009352,1.5046747,2011-09-16 04:00:00+00:00
259,1.3649218,1.2845993,1.2366815,1.2059855,1.1887892,1.1928352,1.2204065,1.2634525,1.2991498,1.3529655,1.4051179,1.4411709,1.455641,1.4633183,1.4608253,1.4568053,1.4506235,1.4566311,1.470878,1.4696028,1.4902736,1.5092242,1.4795824,1.4096369,2011-09-17 04:00:00+00:00
260,1.2863424,1.2083398,1.1648237,1.1316528,1.1154038,1.1143717,1.13128,1.1591715,1.1932969,1.2513103,1.3138508,1.3541119,1.3843356,1.3977208,1.4018238,1.4034923,1.4079248,1.415425,1.4251467,1.4206688,1.4409593,1.4554543,1.4306695,1.3582749,2011-09-18 04:00:00+00:00
261,1.3462046,1.2633759,1.2203891,1.1941442,1.1888078,1.2096696,1.2837303,1.4117014,1.5090878,1.5733702,1.6288276,1.6752255,1.7086424,1.7251128,1.7449259,1.7536741,1.7592248,1.7626055,1.7526016,1.7188041,1.7047905,1.7042942,1.6601803,1.5411652,2011-09-19 04:00:00+00:00
262,1.3931794,1.3054948,1.2580972,1.2286783,1.2195545,1.2406439,1.3158975,1.4393487,1.535948,1.6083341,1.6681204,1.7176604,1.7512724,1.7704163,1.7953873,1.8049644,1.8121095,1.8135554,1.795262,1.7564998,1.731267,1.7285278,1.6941578,1.5770222,2011-09-20 04:00:00+00:00
263,1.4461888,1.343186,1.2878134,1.2515187,1.2372348,1.2501243,1.3123393,1.419348,1.5171462,1.6040754,1.6842197,1.743803,1.795936,1.8263658,1.8614148,1.8800763,1.8966237,1.9014812,1.8760914,1.8270366,1.7866354,1.7725866,1.7387319,1.6179947,2011-09-21 04:00:00+00:00
264,1.5409585,1.4278814,1.3658701,1.3239039,1.3045309,1.3136853,1.3744941,1.4844036,1.5803916,1.660909,1.7342929,1.7874374,1.8301871,1.8532139,1.87938,1.8919871,1.8985746,1.8983761,1.8763741,1.824177,1.78049,1.7592027,1.7129319,1.5919819,2011-09-22 04:00:00+00:00
265,1.5113697,1.3985975,1.3386637,1.2971342,1.2787033,1.2839537,1.3360121,1.4340757,1.5176189,1.5945829,1.6601819,1.6983514,1.7296158,1.7395005,1.7573578,1.7613918,1.7627097,1.7519828,1.7145945,1.6631505,1.6289281,1.6218321,1.5868735,1.479778,2011-09-23 04:00:00+00:00
266,1.4252071,1.3282964,1.2698975,1.2323649,1.2091279,1.2049782,1.2214072,1.244911,1.2870677,1.3657321,1.4516711,1.5123243,1.5615981,1.5888925,1.6090106,1.6222413,1.639757,1.6575437,1.6658385,1.6454222,1.6273837,1.6272755,1.6109318,1.5285162,2011-09-24 04:00:00+00:00
267,1.3957298,1.3058265,1.250543,1.2146173,1.1930481,1.1904441,1.2119613,1.2402141,1.2846445,1.3608541,1.4468517,1.5138562,1.5695218,1.6064718,1.6321177,1.6510153,1.6710981,1.6909226,1.7061855,1.6910124,1.6773851,1.6781428,1.6565835,1.5679395,2011-09-25 04:00:00+00:00
268,1.4910872,1.3876382,1.3294659,1.2926253,1.2788618,1.2972858,1.3740366,1.5181895,1.6289134,1.7098602,1.7850858,1.8476954,1.8935091,1.9283196,1.9614996,1.9786854,1.9862107,1.9914076,1.9735461,1.9215548,1.8827597,1.85936,1.7998625,1.6616163,2011-09-26 04:00:00+00:00
269,1.5624503,1.4452724,1.3818451,1.3381255,1.3171703,1.3221537,1.3764505,1.479045,1.5663652,1.6470042,1.7163272,1.7602437,1.7955922,1.8107345,1.831912,1.83889,1.8410289,1.8320235,1.7970358,1.7434926,1.7022545,1.6887255,1.6485648,1.5358032,2011-09-27 04:00:00+00:00
270,1.5204989,1.4158221,1.3584358,1.3220078,1.3053322,1.3174888,1.3835256,1.5006734,1.5914922,1.6602947,1.7176875,1.7594347,1.7825363,1.7930045,1.8069359,1.8070806,1.8013037,1.7943326,1.7721678,1.7295282,1.7026649,1.6936016,1.6511897,1.5433588,2011-09-28 04:00:00+00:00
271,1.4843346,1.3874576,1.3334169,1.3015803,1.2869849,1.3043369,1.3820589,1.5232418,1.6237708,1.6815381,1.7281593,1.7706261,1.7902011,1.8017585,1.8121717,1.8099,1.7974735,1.7916515,1.7832341,1.7520595,1.7385892,1.7221837,1.6659586,1.5523499,2011-09-29 04:00:00+00:00
272,1.3624337,1.2819802,1.2389009,1.2140421,1.2061756,1.2250222,1.2950437,1.4302455,1.5250635,1.5711703,1.6044816,1.6249819,1.6338621,1.6292466,1.627591,1.6144733,1.6019566,1.5941974,1.5988055,1.5944493,1.6043844,1.5957985,1.5487411,1.4538685,2011-09-30 04:00:00+00:00
273,1.3786952,1.3027887,1.254389,1.2217443,1.2035552,1.2032477,1.2268178,1.2685473,1.312126,1.3664222,1.4191134,1.4486496,1.4604768,1.4617178,1.4523674,1.4420682,1.436607,1.4453661,1.4795693,1.5006099,1.52496,1.5281892,1.4985458,1.4383397,2011-10-01 04:00:00+00:00
274,1.3031056,1.2356194,1.1975565,1.1695886,1.1598247,1.1628684,1.1841639,1.2250118,1.2621485,1.3105859,1.3553331,1.377182,1.3910415,1.3907123,1.3849255,1.3796142,1.3785899,1.3882254,1.4204328,1.4386811,1.4696299,1.4788659,1.4482169,1.383629,2011-10-02 04:00:00+00:00
275,1.341651,1.2725143,1.2378899,1.2200408,1.2227111,1.251384,1.3301991,1.4753652,1.5724539,1.6112195,1.637617,1.6547327,1.6627682,1.6545595,1.6559644,1.6496211,1.6438521,1.6459813,1.660891,1.656357,1.6628412,1.6632669,1.6106734,1.5005075,2011-10-03 04:00:00+00:00
276,1.380228,1.3011334,1.2603582,1.2385911,1.2343247,1.262314,1.3450288,1.4872792,1.5805653,1.6256742,1.6518022,1.6727886,1.6802102,1.6730951,1.677182,1.6687506,1.6552004,1.6436293,1.6291997,1.608393,1.6088419,1.6159911,1.5748209,1.4720433,2011-10-04 04:00:00+00:00
277,1.3713832,1.2891575,1.2446054,1.2175246,1.2096424,1.2319305,1.3070544,1.4367158,1.5259434,1.5800765,1.6203693,1.6537867,1.6705166,1.6745759,1.6833183,1.6799359,1.6711882,1.662321,1.6431758,1.613766,1.6117661,1.6188958,1.5805777,1.4764891,2011-10-05 04:00:00+00:00
278,1.3749189,1.2902266,1.2437367,1.2144709,1.20527,1.2251749,1.2973526,1.4216639,1.5104727,1.570078,1.617214,1.6560855,1.6784564,1.6872203,1.6995518,1.6995511,1.6958203,1.6895136,1.6689334,1.6350842,1.6270374,1.6310995,1.592815,1.4851534,2011-10-06 04:00:00+00:00
279,1.3609192,1.2759961,1.2301244,1.2002534,1.1913755,1.2099857,1.2784483,1.3963807,1.4843968,1.5485753,1.6019258,1.6436174,1.6724621,1.6848615,1.7012504,1.7053564,1.7073249,1.703581,1.6818024,1.6452196,1.631562,1.63391,1.598492,1.4882668,2011-10-07 04:00:00+00:00
280,1.3489959,1.2621903,1.2120585,1.1765363,1.156837,1.1557424,1.1751142,1.2056024,1.242011,1.3065139,1.3773615,1.425421,1.4621872,1.4820018,1.4924995,1.4988294,1.5082543,1.5189263,1.5251842,1.5099607,1.5129312,1.5232451,1.4989159,1.419653,2011-10-08 04:00:00+00:00
281,1.3002474,1.2176629,1.1710212,1.1355143,1.1167462,1.1134053,1.1275945,1.151319,1.185628,1.2473981,1.3177675,1.3633809,1.402944,1.4216603,1.4303899,1.4356619,1.4458009,1.4542466,1.4581286,1.4467552,1.4582059,1.4694605,1.4461708,1.368645,2011-10-09 04:00:00+00:00
282,1.3001261,1.2175491,1.1739225,1.1420233,1.1295627,1.1355289,1.1726434,1.245323,1.3085282,1.3715395,1.4381478,1.4841044,1.5260652,1.5447626,1.557709,1.5657047,1.5744609,1.5781066,1.5705686,1.5475438,1.549761,1.5507805,1.5140381,1.4155104,2011-10-10 04:00:00+00:00
283,1.351552,1.2647884,1.2184062,1.1887025,1.1795983,1.196154,1.2645129,1.3929424,1.4886642,1.5509727,1.6055733,1.6504345,1.6836615,1.6993053,1.7138969,1.7177278,1.7159415,1.7103672,1.6906103,1.6583793,1.6522,1.64446,1.5942718,1.47912,2011-10-11 04:00:00+00:00
284,1.3700047,1.2807554,1.2332942,1.2025905,1.1930698,1.2090652,1.2771752,1.4016616,1.4947523,1.560539,1.6184851,1.664254,1.6987522,1.7166327,1.7346028,1.7408559,1.7426255,1.7383437,1.7162311,1.6781332,1.665217,1.6576598,1.6111333,1.4952846,2011-10-12 04:00:00+00:00
285,1.3434241,1.2591519,1.2158008,1.1882193,1.1809677,1.1991738,1.2707367,1.4070318,1.504769,1.5587128,1.602502,1.6374307,1.6614037,1.6686243,1.6780676,1.6773031,1.6708369,1.6639913,1.6513853,1.6258142,1.6251106,1.614821,1.5632557,1.4517678,2011-10-13 04:00:00+00:00
286,1.3746024,1.2899086,1.2420125,1.2139887,1.20432,1.2235652,1.2968317,1.4370852,1.533869,1.5871705,1.62755,1.6589174,1.6739845,1.6779789,1.6823872,1.6747494,1.6622256,1.6501284,1.6335006,1.6103942,1.6140556,1.6100299,1.560594,1.4540349,2011-10-14 04:00:00+00:00
287,1.3045495,1.2278293,1.182836,1.1505817,1.133501,1.1338545,1.1538668,1.187007,1.2226106,1.2796658,1.3352623,1.3686931,1.3873883,1.3933349,1.3895439,1.384053,1.3813694,1.3825593,1.3862014,1.3853538,1.4140655,1.4356253,1.413193,1.3468696,2011-10-15 04:00:00+00:00
288,1.2627089,1.1904862,1.1508852,1.1202474,1.1069947,1.1088216,1.1281705,1.1641049,1.2008702,1.2548007,1.3086215,1.3400629,1.3632953,1.3693484,1.3690789,1.3678333,1.3701066,1.3759468,1.389273,1.3922124,1.4210422,1.4357626,1.4085702,1.3385049,2011-10-16 04:00:00+00:00
289,1.2869961,1.2106575,1.1711365,1.1460688,1.142252,1.1613519,1.2272096,1.3554056,1.4476739,1.5029039,1.5492591,1.5852373,1.6121432,1.6193353,1.6278939,1.6285135,1.6253635,1.621323,1.6086947,1.5859604,1.5920031,1.5938194,1.546429,1.4385072,2011-10-17 04:00:00+00:00
290,1.3411673,1.2605046,1.2184997,1.1922296,1.187305,1.2102351,1.2879239,1.4274012,1.5248632,1.5775092,1.6167846,1.6489298,1.6702609,1.6738607,1.6831828,1.680712,1.6722913,1.6618499,1.6405166,1.6115434,1.6101365,1.612771,1.5701724,1.4610026,2011-10-18 04:00:00+00:00
291,1.372344,1.2908067,1.2471993,1.2222111,1.2141738,1.2347574,1.3094393,1.4537896,1.5538735,1.5986971,1.6311307,1.6550608,1.6660042,1.6635554,1.6630969,1.651556,1.6385132,1.6318924,1.6403317,1.6352749,1.6420914,1.6274722,1.573333,1.4725187,2011-10-19 04:00:00+00:00
292,1.3975862,1.3148434,1.2696539,1.2445083,1.2353435,1.2555559,1.3306065,1.473544,1.5714688,1.6168661,1.6489627,1.6731746,1.6808219,1.6785867,1.6773872,1.6644273,1.6497561,1.6428099,1.650469,1.6450281,1.6525345,1.6412411,1.5895821,1.4917699,2011-10-20 04:00:00+00:00
293,1.4365175,1.3605199,1.323519,1.303068,1.3000486,1.3258768,1.4066117,1.5574617,1.6559169,1.6873968,1.7036784,1.7154896,1.7159021,1.7036754,1.7005998,1.6882619,1.6760601,1.6783289,1.7082009,1.7151265,1.7198972,1.7031484,1.6479117,1.5473623,2011-10-21 04:00:00+00:00
294,1.403509,1.3288367,1.2858884,1.2585483,1.2457542,1.2482615,1.273503,1.3181248,1.3541689,1.3992094,1.4395937,1.4555056,1.4584229,1.4517224,1.4396787,1.4272903,1.418329,1.4270552,1.4642931,1.4863136,1.5148621,1.5238287,1.4923495,1.4357921,2011-10-22 04:00:00+00:00
295,1.3213792,1.251414,1.2107112,1.1816986,1.1698823,1.1721557,1.1936302,1.2326583,1.2685192,1.3183103,1.365571,1.3938942,1.4091393,1.4132116,1.4085028,1.404031,1.4016474,1.4120978,1.4448221,1.4613035,1.4902785,1.4977913,1.4658855,1.3999946,2011-10-23 04:00:00+00:00
296,1.3210722,1.2527,1.2152867,1.1952846,1.1948102,1.2207414,1.2948728,1.433935,1.5236688,1.5634985,1.5899287,1.6096232,1.6183904,1.613272,1.6144525,1.6073437,1.5963098,1.592614,1.5952123,1.5887389,1.6024531,1.6067224,1.5587089,1.4582901,2011-10-24 04:00:00+00:00
297,1.3984199,1.3177985,1.2736303,1.2498829,1.2442472,1.2717242,1.3616759,1.5159904,1.6205556,1.6687541,1.7009727,1.736711,1.7498165,1.7537794,1.7614383,1.7580414,1.7449921,1.7374412,1.7296543,1.7035394,1.6999717,1.6976547,1.6460449,1.5313764,2011-10-25 04:00:00+00:00
298,1.3524816,1.2740068,1.2342222,1.2105567,1.20595,1.2313852,1.3098834,1.462772,1.5704831,1.6096216,1.6376004,1.6616311,1.6774113,1.6737844,1.6759446,1.6681467,1.6588846,1.6585526,1.6772788,1.6724372,1.675089,1.6504648,1.5889004,1.4798405,2011-10-26 04:00:00+00:00
299,1.3521045,1.2731398,1.2318616,1.2076364,1.201097,1.2193905,1.2846892,1.4145833,1.5073856,1.5515466,1.5854532,1.6019697,1.6118518,1.6046648,1.6025244,1.5901843,1.5826293,1.5811658,1.6010569,1.6068466,1.6166458,1.6019835,1.5528708,1.4619342,2011-10-27 04:00:00+00:00
300,1.4245144,1.3472425,1.3093264,1.2886097,1.285373,1.3098159,1.3862274,1.5307294,1.6288784,1.6659542,1.6921593,1.7093945,1.7144274,1.7074413,1.7052414,1.6956738,1.6903105,1.7025198,1.7460669,1.7593021,1.760147,1.7393076,1.6846018,1.5864503,2011-10-28 04:00:00+00:00
301,1.4201708,1.3473798,1.3057622,1.2805908,1.2714634,1.2743196,1.302001,1.3505306,1.3947455,1.4401615,1.4819525,1.4992988,1.5044382,1.4976407,1.4852382,1.4742055,1.4704535,1.4897109,1.5470445,1.5789397,1.5962988,1.5921865,1.5608199,1.502567,2011-10-29 04:00:00+00:00
302,1.4269832,1.3562083,1.3150268,1.2899046,1.2807769,1.2832022,1.3093965,1.3563938,1.3937763,1.4354767,1.474351,1.4883361,1.4922174,1.4848418,1.4720793,1.4603741,1.4565411,1.4738128,1.5320106,1.5637698,1.5844983,1.5820048,1.54669,1.4862133,2011-10-30 04:00:00+00:00
303,1.4495225,1.380884,1.3434407,1.3242384,1.3227565,1.3466101,1.4164517,1.5442756,1.6256945,1.6587552,1.6791122,1.6893003,1.6895142,1.6772203,1.6713514,1.6592107,1.6517291,1.6605035,1.7046041,1.7242846,1.7314539,1.7159984,1.6638196,1.5683057,2011-10-31 04:00:00+00:00
304,1.4241806,1.3503797,1.3143903,1.2942752,1.2911568,1.3139534,1.3817186,1.5103024,1.5901194,1.6214955,1.636374,1.6392989,1.6367109,1.6167305,1.6083766,1.5916402,1.5779532,1.5737631,1.5909309,1.602071,1.6154656,1.6121995,1.5662695,1.4793066,2011-11-01 04:00:00+00:00
305,1.468045,1.3896221,1.3486243,1.3288059,1.3233533,1.3497077,1.4295597,1.5744581,1.6627833,1.6955847,1.7078756,1.7184062,1.7143834,1.6968554,1.6905196,1.6744729,1.6560563,1.6478128,1.6571811,1.6597233,1.6674498,1.6617646,1.6090618,1.514502,2011-11-02 04:00:00+00:00
306,1.3979399,1.3210002,1.2818594,1.2611586,1.256109,1.2797835,1.354854,1.4960715,1.5893283,1.6220629,1.6392683,1.6526973,1.6556724,1.6421312,1.6358327,1.6203208,1.6031011,1.5974219,1.6110307,1.6139696,1.6259054,1.615309,1.562492,1.4699535,2011-11-03 04:00:00+00:00
307,1.4191775,1.3428235,1.2995832,1.2774413,1.2700515,1.2924842,1.3693464,1.511584,1.6054354,1.6446829,1.669723,1.6888931,1.689936,1.6835955,1.6791879,1.6639656,1.6471817,1.6432055,1.6575639,1.6618488,1.6747688,1.6703246,1.6221367,1.532082,2011-11-04 04:00:00+00:00
308,1.4247341,1.3502127,1.3031136,1.273988,1.2580473,1.2598379,1.2881796,1.3352398,1.3761786,1.4257171,1.4709845,1.4956088,1.4997232,1.4988147,1.4880735,1.4769512,1.4673276,1.4780128,1.5187025,1.5421283,1.5677211,1.5733433,1.5412042,1.4835341,2011-11-05 04:00:00+00:00
309,1.3843377,1.3109391,1.2691195,1.2437085,1.2328129,1.2381572,1.265267,1.3142929,1.3491746,1.3933052,1.4316072,1.4474568,1.4528431,1.4482877,1.4395636,1.4306003,1.4241703,1.4329813,1.4654531,1.483299,1.5112555,1.5226564,1.4888664,1.4265674,2011-11-06 04:00:00+00:00
310,1.314929,1.2464222,1.2128377,1.1948204,1.1970537,1.2236156,1.2932978,1.4255822,1.5110248,1.547495,1.5704881,1.5803967,1.5874273,1.5739363,1.5735245,1.5651703,1.5591103,1.5595689,1.5735544,1.5736651,1.5827935,1.5839281,1.5374496,1.4378021,2011-11-07 05:00:00+00:00
311,1.3603467,1.2864391,1.2463883,1.2247713,1.221072,1.2470657,1.3225956,1.4574494,1.5435473,1.5834931,1.6067692,1.6244209,1.6288196,1.6202258,1.6198108,1.609161,1.5945762,1.5862461,1.5828238,1.5731258,1.5821531,1.5882564,1.5462347,1.4509583,2011-11-08 05:00:00+00:00
312,1.3558285,1.2782702,1.2393916,1.2162905,1.2112894,1.2337333,1.3060975,1.4470378,1.5463169,1.5849833,1.6133533,1.6317234,1.6433617,1.63641,1.634495,1.6227231,1.613945,1.6150366,1.6405647,1.6460388,1.6523666,1.631602,1.5763779,1.4784685,2011-11-09 05:00:00+00:00
313,1.3562291,1.2793145,1.2391889,1.2161733,1.211392,1.2343816,1.306442,1.446754,1.5459236,1.586783,1.6176232,1.6375313,1.6494135,1.6440239,1.6432623,1.6324351,1.6258699,1.6302257,1.6599388,1.6681862,1.6736248,1.6531618,1.599059,1.5025667,2011-11-10 05:00:00+00:00
314,1.393229,1.325227,1.2897654,1.2688591,1.2652327,1.2802436,1.3333207,1.4306486,1.4936931,1.5268233,1.5496849,1.5582402,1.5571804,1.542932,1.5317852,1.5179703,1.5086828,1.5158253,1.5595181,1.5819533,1.6017741,1.5982957,1.555061,1.4782826,2011-11-11 05:00:00+00:00
315,1.4610445,1.3797683,1.3354211,1.3095139,1.2974155,1.3016913,1.328013,1.3764573,1.4099911,1.4504987,1.4910063,1.5044401,1.5110371,1.5028322,1.492561,1.4842459,1.4828275,1.4955096,1.5411164,1.5602081,1.5704237,1.5659294,1.5274292,1.4574085,2011-11-12 05:00:00+00:00
316,1.3586025,1.2762544,1.232419,1.2051438,1.1925664,1.1943859,1.2149165,1.2486446,1.2823235,1.3327005,1.3896604,1.4202411,1.4482546,1.4548874,1.4590752,1.462038,1.470978,1.4882379,1.523754,1.5302169,1.5383548,1.5431421,1.512304,1.4381319,2011-11-13 05:00:00+00:00
317,1.3147078,1.2370051,1.1964619,1.1708,1.166578,1.1884812,1.2594174,1.3980657,1.4978404,1.5469295,1.5899514,1.6269932,1.6498739,1.6574104,1.664655,1.665085,1.6631373,1.670683,1.6923223,1.6806512,1.6818956,1.6613812,1.5993721,1.4858553,2011-11-14 05:00:00+00:00
318,1.3567245,1.2722042,1.227665,1.2002949,1.1921215,1.2103066,1.2801697,1.4190046,1.5167823,1.5643346,1.6020635,1.6283035,1.6442926,1.6445012,1.6468321,1.6390944,1.6297159,1.6240664,1.6299558,1.6178541,1.6195295,1.6012187,1.5442967,1.4379884,2011-11-15 05:00:00+00:00
319,1.4053047,1.3232217,1.2833315,1.2598705,1.2542524,1.2749392,1.3435953,1.4775488,1.5737724,1.615949,1.6491545,1.66762,1.6782092,1.6726335,1.6722176,1.6629633,1.6600162,1.6731598,1.7158884,1.7264686,1.7244955,1.698854,1.6458708,1.5507026,2011-11-16 05:00:00+00:00
320,1.4506805,1.36968,1.3286649,1.3069959,1.3015728,1.3238332,1.397329,1.5360965,1.6316515,1.6726763,1.702651,1.7229366,1.7279453,1.7232352,1.721323,1.7115505,1.7056994,1.7205374,1.7673461,1.7816114,1.7804259,1.7584796,1.7058929,1.6118803,2011-11-17 05:00:00+00:00
321,1.5799065,1.4977373,1.457199,1.4348904,1.4308996,1.452817,1.5276077,1.6622626,1.7529714,1.7871311,1.8044058,1.8147023,1.8124194,1.7960123,1.7896734,1.7737131,1.7659427,1.7777576,1.8311653,1.8503904,1.8414396,1.8123043,1.7586237,1.6598883,2011-11-18 05:00:00+00:00
322,1.5124143,1.426067,1.3814086,1.3535709,1.3415964,1.3406633,1.3625941,1.4061575,1.4440037,1.4822619,1.5238892,1.5344901,1.546824,1.5343323,1.5233958,1.516748,1.5216593,1.5385827,1.5992668,1.6237009,1.6225681,1.5977166,1.5537251,1.4785352,2011-11-19 05:00:00+00:00
323,1.3468702,1.276414,1.2356884,1.2067554,1.1954346,1.194632,1.2105575,1.2422603,1.2776191,1.3252277,1.3731246,1.3964238,1.4106656,1.409728,1.4019475,1.3953677,1.3963277,1.4163735,1.4760981,1.5058489,1.5270569,1.5198119,1.4854047,1.4251299,2011-11-20 05:00:00+00:00
324,1.3126659,1.2413425,1.2035027,1.1798861,1.1769469,1.1994303,1.270926,1.4142216,1.5115001,1.5551835,1.5871483,1.6102965,1.6213124,1.6200345,1.6192588,1.6118944,1.6036807,1.6050065,1.6290153,1.6319356,1.64407,1.6288965,1.5721201,1.4690014,2011-11-21 05:00:00+00:00
325,1.3749868,1.2984678,1.2689769,1.2478008,1.2494425,1.2725856,1.3399272,1.4747168,1.5733756,1.6010144,1.619985,1.6239731,1.6357863,1.6165172,1.6131244,1.602959,1.605077,1.6183559,1.6684662,1.6825521,1.6796552,1.6463296,1.5893972,1.4832951,2011-11-22 05:00:00+00:00
326,1.4148763,1.3348696,1.2985344,1.2765732,1.273221,1.2936373,1.3601056,1.4879026,1.5792629,1.6160426,1.6434406,1.6577067,1.665144,1.6545656,1.6509541,1.6400634,1.6370932,1.6535326,1.7040464,1.7204719,1.7210249,1.6970658,1.647184,1.5557827,2011-11-23 05:00:00+00:00
327,1.3675771,1.2979909,1.262633,1.2395551,1.2336137,1.2444619,1.2892997,1.3724861,1.4314554,1.4672098,1.4949276,1.5041573,1.5060263,1.4918501,1.4809592,1.467924,1.4602973,1.4672841,1.5091234,1.5314474,1.552045,1.5483274,1.5096405,1.4387103,2011-11-24 05:00:00+00:00
328,1.3326588,1.2637929,1.2316785,1.2137256,1.215544,1.2368519,1.2957469,1.4109387,1.4829978,1.5162631,1.536917,1.5398669,1.5420312,1.5243608,1.5176755,1.5068446,1.5037385,1.5062321,1.5288153,1.5379183,1.5527295,1.554301,1.5080427,1.4161787,2011-11-25 05:00:00+00:00
329,1.3324599,1.2596258,1.2194023,1.1920419,1.181505,1.1843189,1.2069671,1.248144,1.2833561,1.3292477,1.3757284,1.4039466,1.4206152,1.4250188,1.4214262,1.4189229,1.4183258,1.4335344,1.4760566,1.4930146,1.5164113,1.5175476,1.4807447,1.4103624,2011-11-26 05:00:00+00:00
330,1.3265145,1.2526976,1.2090197,1.1783085,1.163398,1.1642917,1.1855855,1.2217021,1.2551782,1.3072524,1.3605748,1.3981385,1.4183818,1.4292631,1.4282521,1.4276963,1.427262,1.4392697,1.4721596,1.4821491,1.5068744,1.5123248,1.477487,1.4069079,2011-11-27 05:00:00+00:00
331,1.3250444,1.248432,1.2111938,1.1873906,1.1869347,1.2134838,1.2904415,1.4415331,1.5508654,1.5938234,1.6307533,1.6627741,1.6824839,1.6849817,1.691606,1.6917323,1.6934538,1.7088114,1.7517399,1.7479646,1.7439724,1.7120473,1.6422514,1.5215098,2011-11-28 05:00:00+00:00
332,1.3816179,1.2984098,1.259221,1.2347445,1.229456,1.2518908,1.3227396,1.4644406,1.5675433,1.6098385,1.6444691,1.6644392,1.6801937,1.6760564,1.6779919,1.6705608,1.6694148,1.6823759,1.7263969,1.7332368,1.7279077,1.6943121,1.6347561,1.5322254,2011-11-29 05:00:00+00:00
333,1.4595406,1.3755889,1.3362485,1.3143058,1.310275,1.3332701,1.4078044,1.5519229,1.6526501,1.6938617,1.7255725,1.7452545,1.7531015,1.7488587,1.7489812,1.7412857,1.7394288,1.7602483,1.8177261,1.8318758,1.8234482,1.7918398,1.7344682,1.6342994,2011-11-30 05:00:00+00:00
334,1.543066,1.4616079,1.4238366,1.4027848,1.4020557,1.4223232,1.4918995,1.6223341,1.7122681,1.7440909,1.7632139,1.7736714,1.7735096,1.7589409,1.7523339,1.7383095,1.7331479,1.7514675,1.8146856,1.840029,1.8341078,1.8044119,1.7506875,1.6570835,2011-12-01 05:00:00+00:00
335,1.5840358,1.5038894,1.4638646,1.4422911,1.4391563,1.4597564,1.5311246,1.6603584,1.7474653,1.7798167,1.7981014,1.8082352,1.8044828,1.7887808,1.7805657,1.7642498,1.7566862,1.7718295,1.8332559,1.8591387,1.8524679,1.8227751,1.7683965,1.6745429,2011-12-02 05:00:00+00:00
336,1.5738287,1.4910074,1.4428641,1.4150333,1.4012465,1.4023207,1.4309158,1.4818412,1.5202603,1.5617173,1.6009043,1.6149216,1.6143297,1.6037694,1.5873634,1.5734795,1.5675504,1.5854033,1.6516954,1.683023,1.6891574,1.6722174,1.6305999,1.5647806,2011-12-03 05:00:00+00:00
337,1.4653064,1.383607,1.3390188,1.3111835,1.2985849,1.2980077,1.3149059,1.3508899,1.3805671,1.4213494,1.4659742,1.4816735,1.495041,1.4897026,1.4804637,1.4749637,1.477712,1.4958355,1.5549955,1.5807097,1.5892657,1.5739748,1.5333002,1.4647155,2011-12-04 05:00:00+00:00
338,1.4093535,1.3325611,1.2919543,1.2679138,1.2638304,1.2909485,1.3697107,1.5208699,1.627562,1.666196,1.697995,1.725091,1.7397616,1.7406024,1.745136,1.7419561,1.7405627,1.7595199,1.8164322,1.8243792,1.8163565,1.7769186,1.709069,1.5952613,2011-12-05 05:00:00+00:00
339,1.4778849,1.385846,1.3437812,1.3167421,1.3093567,1.3300586,1.4035664,1.5485433,1.6562448,1.6998456,1.7359451,1.7588003,1.7745326,1.7718188,1.7753218,1.7676458,1.7654806,1.782707,1.8319753,1.836415,1.8208916,1.7811532,1.7220528,1.6165404,2011-12-06 05:00:00+00:00
340,1.5391345,1.4499478,1.4108304,1.3876903,1.3847468,1.4052708,1.4773188,1.6142055,1.7129014,1.7505293,1.7778996,1.7946053,1.8011097,1.7919452,1.7897497,1.7796559,1.7780985,1.8022547,1.8669626,1.8842623,1.8716874,1.8368821,1.7821525,1.6844536,2011-12-07 05:00:00+00:00
341,1.6092944,1.5209723,1.4803131,1.4564306,1.4534961,1.4728235,1.5436022,1.6759142,1.7703023,1.804686,1.8277874,1.8411989,1.8431699,1.8299539,1.8254614,1.8121405,1.8088335,1.8306402,1.8998805,1.921807,1.9059367,1.8684692,1.8124008,1.7139924,2011-12-08 05:00:00+00:00
342,1.6147248,1.5268242,1.4878595,1.4641583,1.4624913,1.4802327,1.547286,1.6741588,1.7669898,1.7989805,1.822137,1.8306589,1.8335019,1.8174509,1.8114778,1.7972038,1.7954415,1.8178364,1.8892212,1.9137726,1.8970426,1.8560941,1.7991065,1.7027212,2011-12-09 05:00:00+00:00
343,1.5455205,1.461472,1.4156963,1.3882558,1.3785434,1.3782568,1.4057424,1.4578599,1.5078939,1.5530847,1.5986168,1.6193054,1.6276649,1.6219645,1.6105762,1.6012359,1.6008167,1.6313015,1.7122774,1.7505128,1.7519757,1.7281208,1.6894772,1.6261637,2011-12-10 05:00:00+00:00
344,1.5380533,1.4611188,1.4151429,1.388782,1.379457,1.3806832,1.409863,1.4612676,1.5062491,1.5481273,1.5904653,1.61061,1.615765,1.6110501,1.5983858,1.589157,1.5883803,1.6185919,1.7049799,1.7477195,1.7514709,1.7302446,1.6890838,1.6228771,2011-12-11 05:00:00+00:00
345,1.5744183,1.4997617,1.4594158,1.4378223,1.4363296,1.4598954,1.5330565,1.6643655,1.7537996,1.7871872,1.809379,1.8218741,1.8205327,1.8085531,1.8027742,1.789285,1.7847728,1.8037028,1.8728241,1.9020884,1.8916068,1.8583071,1.8006297,1.6992157,2011-12-12 05:00:00+00:00
346,1.6313974,1.5450857,1.5040908,1.4808317,1.4761432,1.4960936,1.5718284,1.7077452,1.8021142,1.8343025,1.8504198,1.8578086,1.8552403,1.8355961,1.8271894,1.8098865,1.8030143,1.8158062,1.8731122,1.8909981,1.8766966,1.839092,1.7806127,1.6798867,2011-12-13 05:00:00+00:00
347,1.5972292,1.5035013,1.4631959,1.4371641,1.4318501,1.4485459,1.5174532,1.6438243,1.7363158,1.7700386,1.7903627,1.7949808,1.8029711,1.7797269,1.7758563,1.7644746,1.7655829,1.7757978,1.8236351,1.8303151,1.8053854,1.761836,1.7032653,1.594592,2011-12-14 05:00:00+00:00
348,1.539635,1.449032,1.410749,1.3859596,1.3828806,1.399996,1.4639709,1.5890105,1.6830276,1.7179457,1.7447976,1.7567816,1.7662914,1.7521571,1.7484574,1.7366548,1.7370945,1.7599397,1.8242619,1.8427587,1.829036,1.7912092,1.7377719,1.6426305,2011-12-15 05:00:00+00:00
349,1.4997289,1.4063733,1.3639358,1.3373063,1.3295219,1.348062,1.4167256,1.5518119,1.6530653,1.6980646,1.7359879,1.7580469,1.771448,1.7680987,1.7702934,1.7627151,1.7626567,1.7862555,1.8449496,1.854706,1.8373052,1.7985146,1.7426422,1.6427355,2011-12-16 05:00:00+00:00
350,1.5596244,1.4743258,1.427986,1.4002388,1.3903632,1.3923577,1.4258816,1.4877939,1.5433104,1.5873153,1.630682,1.6533144,1.6623852,1.6579564,1.6484907,1.6397259,1.6392602,1.6698753,1.7518611,1.7873166,1.784822,1.7580152,1.7165405,1.6470319,2011-12-17 05:00:00+00:00
351,1.589515,1.5076617,1.4586705,1.4298154,1.417336,1.4171864,1.4466004,1.4978222,1.5437518,1.5868366,1.6310908,1.6528296,1.6593591,1.6554097,1.643339,1.6336237,1.6326627,1.6626967,1.7492788,1.7881896,1.7873054,1.7613084,1.7196915,1.650642,2011-12-18 05:00:00+00:00
352,1.5832112,1.5018885,1.4606823,1.4360332,1.4322495,1.4519845,1.5203099,1.6445701,1.7356722,1.7697955,1.7948622,1.8089845,1.813428,1.8019851,1.798276,1.7870027,1.7867795,1.8100744,1.8858829,1.9105585,1.893042,1.8502269,1.7914786,1.6870824,2011-12-19 05:00:00+00:00
353,1.6237407,1.5289277,1.485459,1.4583521,1.4512203,1.4681795,1.5377076,1.6665316,1.7607545,1.797815,1.8213278,1.8343332,1.8412348,1.8250303,1.8225305,1.8113673,1.810023,1.8261536,1.8856605,1.8952668,1.8704937,1.8260617,1.7679223,1.662124,2011-12-20 05:00:00+00:00
354,1.587393,1.4964834,1.4549856,1.4289849,1.4230146,1.4392623,1.504617,1.6274687,1.719531,1.7545433,1.7782528,1.7899537,1.7967237,1.780613,1.7762182,1.763607,1.7620423,1.7805533,1.8432763,1.8592384,1.8418338,1.8009219,1.7462752,1.6472234,2011-12-21 05:00:00+00:00
355,1.5056264,1.4126536,1.3709257,1.3438623,1.3364224,1.3546242,1.4223707,1.5556257,1.656887,1.6992116,1.7355106,1.75686,1.7716625,1.7663667,1.7674929,1.7593617,1.7594231,1.7824117,1.8407921,1.8512146,1.8355271,1.7953885,1.7390239,1.6387268,2011-12-22 05:00:00+00:00
356,1.4957242,1.4106847,1.3708624,1.3478119,1.3437797,1.3657945,1.4386446,1.5763726,1.6747195,1.7141992,1.7439644,1.7647617,1.7722288,1.7666528,1.7657583,1.7580597,1.7565464,1.7808422,1.8455138,1.8625157,1.8520678,1.8184569,1.7625551,1.6634301,2011-12-23 05:00:00+00:00
357,1.5275294,1.4488342,1.4017415,1.3743317,1.3630224,1.3635514,1.3928761,1.443578,1.488211,1.53233,1.5757557,1.599199,1.6055324,1.6027822,1.5908172,1.5815202,1.5786792,1.60694,1.6866144,1.7244437,1.730312,1.7122474,1.6741168,1.6097207,2011-12-24 05:00:00+00:00
358,1.4149132,1.3443453,1.3020076,1.2740318,1.2634254,1.2578914,1.2653203,1.2798973,1.3040241,1.34925,1.400444,1.4183977,1.4316564,1.4298054,1.4194306,1.4149455,1.422094,1.4508665,1.5294701,1.5686972,1.5845721,1.572366,1.5384865,1.4821622,2011-12-25 05:00:00+00:00
359,1.3628786,1.295233,1.2593458,1.2367834,1.2343817,1.2465531,1.2887876,1.3686755,1.4278246,1.4646537,1.4962548,1.5083249,1.5151999,1.5042096,1.4961458,1.489183,1.4926976,1.5118057,1.5723033,1.5982289,1.6115785,1.5980351,1.5531633,1.4745646,2011-12-26 05:00:00+00:00
360,1.4329239,1.3601164,1.3247238,1.3042982,1.3059775,1.3311082,1.4021096,1.5368445,1.6328114,1.6657435,1.6912241,1.7060883,1.7128936,1.7037828,1.7005658,1.6929771,1.6949505,1.7184519,1.788161,1.8121731,1.804756,1.7704844,1.7111816,1.6068012,2011-12-27 05:00:00+00:00
361,1.5511231,1.4691886,1.4290026,1.4066513,1.4046195,1.4253981,1.4970446,1.6293489,1.7207438,1.7563183,1.7799891,1.7972538,1.7986629,1.7895384,1.7851512,1.773759,1.7694956,1.7921547,1.8602087,1.8844571,1.8750398,1.8437154,1.789759,1.6932226,2011-12-28 05:00:00+00:00
362,1.5999783,1.5168489,1.4770149,1.4540408,1.4496772,1.4685351,1.539211,1.6666088,1.7558163,1.7875875,1.8051413,1.8117242,1.8099753,1.7906091,1.7826937,1.7670695,1.7628198,1.7771472,1.8374786,1.8586607,1.8469807,1.8106558,1.7543049,1.6548132,2011-12-29 05:00:00+00:00
363,1.5835404,1.499637,1.4589227,1.435265,1.429811,1.4462684,1.5110712,1.6293533,1.7125571,1.7453144,1.7653762,1.7715566,1.7712711,1.7517508,1.7423066,1.7271158,1.7230315,1.7367364,1.7958542,1.8168201,1.806272,1.7707698,1.715374,1.6201198,2011-12-30 05:00:00+00:00
